st_postaje;datum;tem_pov_dnev_kla;tem_7h;tem_14h;tem_21h;tem_maks;tem_min;padavine_mm;sneg_skupaj_cm;sneg_nov_cm;rel_vlaga_7h;rel_vlaga_14h;rel_vlaga_21h;trajanje_sonca_ure;oblacnost_7h_v_desetinah;oblacnost_14h_v_desetinah;oblacnost_21h_v_desetinah;smer_vetra_7h;hitrost_vetra_7h;smer_vetra_14h;hitrost_vetra_14h;smer_vetra_21h;hitrost_vetra_21h;stanje_tal_7h;stanje_tal_14h;stanje_tal_21h;vidnost_7h;vidnost_14h;vidnost_21h;tlak_7h;tlak_14h;tlak_21h;ime_postaje;nadm_visina;ge_sir_wgs84;ge_dol_wgs84
466;1988-01-07;11.5;14.0;12.2;9.8;14.3;9.8;0.2;-1;-1;73;88;93;null;10;10;10;null;null;20;4.4;0;0.0;1;2;2;null;null;null;null;null;null;STRUNJAN - ZDRAVILIŠČE;2;45.5333337294868;13.6119778017753
466;1988-01-08;9.6;10.0;12.1;8.1;13.2;7.5;2.8;-1;-1;54;39;66;null;8;7;0;4;5.5;4;6.0;4;5.5;1;0;0;null;null;null;null;null;null;STRUNJAN - ZDRAVILIŠČE;2;45.5333337294868;13.6119778017753
466;1988-01-09;8.5;7.8;10.4;7.8;10.4;7.6;-1;-1;-1;42;42;53;null;0;0;0;4;6.5;4;6.5;4;5.5;0;0;0;null;null;null;null;null;null;STRUNJAN - ZDRAVILIŠČE;2;45.5333337294868;13.6119778017753
466;1988-01-10;6.0;5.8;8.5;4.8;8.5;4.8;-1;-1;-1;59;52;60;null;0;0;0;4;6.5;4;6.5;4;5.4;0;0;0;null;null;null;null;null;null;STRUNJAN - ZDRAVILIŠČE;2;45.5333337294868;13.6119778017753
466;1988-01-11;4.9;1.7;8.2;4.9;8.5;1.0;-1;-1;-1;75;58;88;null;1;8;8;0;0.0;0;0.0;0;0.0;0;0;0;null;null;null;null;null;null;STRUNJAN - ZDRAVILIŠČE;2;45.5333337294868;13.6119778017753
466;1988-01-12;4.6;4.4;11.0;1.5;11.1;1.5;-1;-1;-1;76;46;82;null;5;1;0;8;5.5;32;1.5;8;1.0;0;0;0;null;null;null;null;null;null;STRUNJAN - ZDRAVILIŠČE;2;45.5333337294868;13.6119778017753
466;1988-01-13;3.8;1.2;9.7;2.2;9.9;0.7;-1;-1;-1;88;54;89;null;0;1;1;8;1.0;28;1.5;8;1.0;0;0;0;null;null;null;null;null;null;STRUNJAN - ZDRAVILIŠČE;2;45.5333337294868;13.6119778017753
466;1988-01-14;6.7;2.8;9.0;7.5;9.0;2.2;-1;-1;-1;87;70;92;null;9;10;10;8;1.0;0;0.0;0;0.0;0;0;1;null;null;null;null;null;null;STRUNJAN - ZDRAVILIŠČE;2;45.5333337294868;13.6119778017753
466;1988-01-15;11.5;11.6;10.2;12.0;12.1;7.2;0.2;-1;-1;67;95;85;null;10;10;9;8;1.5;16;1.5;0;0.0;1;2;2;null;null;null;null;null;null;STRUNJAN - ZDRAVILIŠČE;2;45.5333337294868;13.6119778017753
466;1988-01-16;9.2;10.1;9.2;8.8;12.0;8.5;6.4;-1;-1;93;93;92;null;10;10;10;16;4.0;32;1.5;0;0.0;2;2;1;null;null;null;null;null;null;STRUNJAN - ZDRAVILIŠČE;2;45.5333337294868;13.6119778017753
466;1988-01-17;8.0;7.9;8.6;7.8;9.2;7.6;0.1;-1;-1;99;94;100;null;10;10;10;0;0.0;0;0.0;0;0.0;2;1;1;null;null;null;null;null;null;STRUNJAN - ZDRAVILIŠČE;2;45.5333337294868;13.6119778017753
466;1988-01-18;8.6;8.8;9.5;8.1;9.5;6.0;0.0;-1;-1;90;88;100;null;10;10;10;0;0.0;0;0.0;0;0.0;1;1;1;null;null;null;null;null;null;STRUNJAN - ZDRAVILIŠČE;2;45.5333337294868;13.6119778017753
466;1988-01-19;9.2;7.5;9.5;9.8;12.5;7.0;-1;-1;-1;100;88;96;null;10;10;10;0;0.0;0;0.0;0;0.0;1;1;1;null;null;null;null;null;null;STRUNJAN - ZDRAVILIŠČE;2;45.5333337294868;13.6119778017753
466;1988-01-20;10.6;11.2;11.0;10.0;11.5;9.5;3.6;-1;-1;88;91;99;null;10;10;10;16;4.0;20;1.5;0;0.0;2;2;2;null;null;null;null;null;null;STRUNJAN - ZDRAVILIŠČE;2;45.5333337294868;13.6119778017753
466;1988-01-21;9.6;10.5;9.9;9.0;12.2;8.0;2.3;-1;-1;88;95;99;null;10;10;10;0;0.0;16;1.5;0;0.0;2;2;2;null;null;null;null;null;null;STRUNJAN - ZDRAVILIŠČE;2;45.5333337294868;13.6119778017753
466;1988-01-22;10.1;10.1;11.1;9.5;11.1;8.5;13.7;-1;-1;64;63;83;null;9;10;9;8;3.0;0;0.0;20;3.0;1;1;1;null;null;null;null;null;null;STRUNJAN - ZDRAVILIŠČE;2;45.5333337294868;13.6119778017753
466;1988-01-23;5.8;6.9;10.0;3.2;11.3;3.0;0.7;-1;-1;75;46;74;null;9;5;2;4;6.5;4;5.5;4;3.3;1;1;0;null;null;null;null;null;null;STRUNJAN - ZDRAVILIŠČE;2;45.5333337294868;13.6119778017753
466;1988-01-24;4.6;0.5;8.1;4.8;8.1;0.0;-1;-1;-1;88;65;85;null;3;8;10;8;1.5;28;1.5;0;0.0;1;1;1;null;null;null;null;null;null;STRUNJAN - ZDRAVILIŠČE;2;45.5333337294868;13.6119778017753
466;1988-01-25;10.4;8.6;9.8;11.6;11.6;4.3;-1;-1;-1;74;90;99;null;10;10;10;0;0.0;20;6.5;20;8.0;1;2;2;null;null;null;null;null;null;STRUNJAN - ZDRAVILIŠČE;2;45.5333337294868;13.6119778017753
466;1988-01-26;7.5;7.8;9.8;6.2;11.6;6.0;23.3;-1;-1;92;84;94;null;9;5;9;20;7.9;8;5.4;4;3.0;2;1;1;null;null;null;null;null;null;STRUNJAN - ZDRAVILIŠČE;2;45.5333337294868;13.6119778017753
466;1988-01-27;7.6;6.4;8.2;7.8;9.2;5.0;-1;-1;-1;100;95;96;null;9;10;10;0;0.0;28;1.5;8;1.5;2;2;1;null;null;null;null;null;null;STRUNJAN - ZDRAVILIŠČE;2;45.5333337294868;13.6119778017753
466;1988-01-28;8.6;7.8;9.0;8.8;9.0;7.2;-1;-1;-1;97;97;99;null;10;10;10;0;0.0;16;0.3;0;0.0;1;1;1;null;null;null;null;null;null;STRUNJAN - ZDRAVILIŠČE;2;45.5333337294868;13.6119778017753
466;1988-01-29;13.1;13.0;14.8;12.2;15.5;8.8;0.5;-1;-1;84;76;87;null;10;10;10;12;3.0;20;8.0;12;3.0;1;1;2;null;null;null;null;null;null;STRUNJAN - ZDRAVILIŠČE;2;45.5333337294868;13.6119778017753
466;1988-01-30;8.4;10.2;9.8;6.7;13.2;6.5;6.7;-1;-1;88;83;80;null;8;8;9;16;4.0;20;4.0;4;5.4;2;1;2;null;null;null;null;null;null;STRUNJAN - ZDRAVILIŠČE;2;45.5333337294868;13.6119778017753
466;1988-01-31;5.7;3.4;9.8;4.8;9.8;3.0;6.6;-1;-1;97;79;99;null;4;1;6;16;0.3;28;3.0;16;0.3;2;1;1;null;null;null;null;null;null;STRUNJAN - ZDRAVILIŠČE;2;45.5333337294868;13.6119778017753
466;1988-02-01;7.0;1.2;10.8;7.9;10.8;1.2;-1;-1;-1;97;70;83;null;8;10;10;8;0.5;20;3.0;20;0.5;1;1;1;6;6;6;null;null;null;STRUNJAN - ZDRAVILIŠČE;2;45.5333337294868;13.6119778017753
466;1988-02-02;7.6;9.5;8.0;6.5;9.5;6.5;0.0;-1;-1;66;92;93;null;10;7;10;16;4.5;20;2.5;20;0.5;1;2;2;6;6;5;null;null;null;STRUNJAN - ZDRAVILIŠČE;2;45.5333337294868;13.6119778017753
466;1988-02-03;7.8;6.2;9.2;7.9;9.2;6.2;17.0;-1;-1;89;83;95;null;7;5;9;16;0.5;28;0.5;16;0.5;1;1;1;5;6;5;null;null;null;STRUNJAN - ZDRAVILIŠČE;2;45.5333337294868;13.6119778017753
466;1988-02-04;7.5;3.9;10.6;7.7;10.6;3.9;-1;-1;-1;100;87;93;null;9;7;9;0;0.0;4;0.5;20;0.5;1;1;1;1;6;5;null;null;null;STRUNJAN - ZDRAVILIŠČE;2;45.5333337294868;13.6119778017753
466;1988-02-05;7.0;7.6;8.4;6.0;8.5;6.0;4.0;-1;-1;97;94;100;null;10;10;10;16;0.5;16;0.5;0;0.0;2;2;1;5;5;5;null;null;null;STRUNJAN - ZDRAVILIŠČE;2;45.5333337294868;13.6119778017753
466;1988-02-06;12.5;8.8;13.2;13.9;14.0;6.2;0.0;-1;-1;96;77;85;null;10;10;10;0;0.0;16;4.0;16;10.0;1;1;1;5;6;5;null;null;null;STRUNJAN - ZDRAVILIŠČE;2;45.5333337294868;13.6119778017753
466;1988-02-07;13.3;14.1;16.7;11.2;17.2;11.2;1.0;-1;-1;70;59;94;null;10;5;10;16;5.4;16;10.7;16;0.5;1;1;2;6;6;5;null;null;null;STRUNJAN - ZDRAVILIŠČE;2;45.5333337294868;13.6119778017753
466;1988-02-08;10.3;8.2;10.9;11.0;12.4;8.2;6.3;-1;-1;91;73;66;null;10;10;10;20;3.3;16;3.0;16;0.5;1;1;1;5;6;5;null;null;null;STRUNJAN - ZDRAVILIŠČE;2;45.5333337294868;13.6119778017753
466;1988-02-09;7.3;7.0;10.7;5.8;12.1;5.8;-1;-1;-1;61;43;75;null;2;6;9;8;5.4;32;0.5;4;0.5;1;0;0;6;6;6;null;null;null;STRUNJAN - ZDRAVILIŠČE;2;45.5333337294868;13.6119778017753
466;1988-02-10;7.2;6.6;10.4;5.9;11.0;4.2;-1;-1;-1;63;80;90;null;10;3;2;8;0.5;8;0.5;4;0.5;0;0;0;6;5;6;null;null;null;STRUNJAN - ZDRAVILIŠČE;2;45.5333337294868;13.6119778017753
466;1988-02-11;7.1;2.0;11.4;7.4;11.4;0.6;-1;-1;-1;93;47;82;null;7;1;7;8;0.5;20;2.4;4;0.5;0;0;0;6;6;5;null;null;null;STRUNJAN - ZDRAVILIŠČE;2;45.5333337294868;13.6119778017753
466;1988-02-12;8.9;9.2;10.2;8.0;10.2;7.8;3.3;-1;-1;88;77;90;null;10;10;10;16;7.9;16;6.5;4;3.3;2;2;2;5;5;5;null;null;null;STRUNJAN - ZDRAVILIŠČE;2;45.5333337294868;13.6119778017753
466;1988-02-13;8.3;8.5;9.6;7.6;9.6;6.2;14.4;-1;-1;59;56;68;null;10;10;0;6;7.0;4;7.6;4;7.0;1;1;0;6;6;6;null;null;null;STRUNJAN - ZDRAVILIŠČE;2;45.5333337294868;13.6119778017753
466;1988-02-14;8.6;6.6;10.2;8.8;10.2;6.2;-1;-1;-1;59;52;64;null;0;0;0;4;6.7;4;6.7;4;4.4;0;0;0;6;6;5;null;null;null;STRUNJAN - ZDRAVILIŠČE;2;45.5333337294868;13.6119778017753
466;1988-02-15;7.0;2.1;12.2;6.8;12.3;2.1;-1;-1;-1;84;54;61;null;0;0;0;2;0.5;4;7.9;4;13.8;0;0;0;6;6;6;null;null;null;STRUNJAN - ZDRAVILIŠČE;2;45.5333337294868;13.6119778017753
466;1988-02-16;5.2;2.8;11.6;3.1;12.0;2.8;-1;-1;-1;72;51;89;null;0;0;0;16;0.5;28;1.6;16;0.5;0;0;0;5;6;5;null;null;null;STRUNJAN - ZDRAVILIŠČE;2;45.5333337294868;13.6119778017753
466;1988-02-17;8.4;7.5;11.2;7.5;11.5;3.1;-1;-1;-1;78;54;75;null;3;3;0;18;3.3;18;5.4;16;3.3;0;0;0;5;5;5;null;null;null;STRUNJAN - ZDRAVILIŠČE;2;45.5333337294868;13.6119778017753
466;1988-02-18;6.4;3.5;11.9;5.1;12.9;3.2;-1;-1;-1;95;71;90;null;0;0;5;8;0.5;28;0.5;2;0.5;0;0;0;5;6;5;null;null;null;STRUNJAN - ZDRAVILIŠČE;2;45.5333337294868;13.6119778017753
466;1988-02-19;7.2;7.8;11.1;4.9;11.5;4.5;-1;-1;-1;90;75;99;null;0;7;2;18;0.5;28;2.5;4;0.5;0;0;0;5;5;5;null;null;null;STRUNJAN - ZDRAVILIŠČE;2;45.5333337294868;13.6119778017753
466;1988-02-20;7.6;2.2;12.2;7.9;12.2;1.5;-1;-1;-1;92;66;58;null;7;5;8;16;0.5;32;3.0;4;3.5;0;0;0;5;5;5;null;null;null;STRUNJAN - ZDRAVILIŠČE;2;45.5333337294868;13.6119778017753
466;1988-02-21;3.7;3.0;8.2;1.8;8.2;1.6;-1;-1;-1;61;49;95;null;0;0;0;4;5.5;2;0.5;4;1.6;0;0;0;6;6;6;null;null;null;STRUNJAN - ZDRAVILIŠČE;2;45.5333337294868;13.6119778017753
466;1988-02-22;3.9;0.9;9.6;2.5;9.7;0.2;-1;-1;-1;93;78;70;null;7;2;3;2;3.3;32;3.3;4;3.0;0;0;0;5;5;5;null;null;null;STRUNJAN - ZDRAVILIŠČE;2;45.5333337294868;13.6119778017753
466;1988-02-23;6.2;1.2;7.4;8.1;8.1;0.5;-1;-1;-1;73;74;71;null;10;10;10;12;0.5;18;1.5;4;0.5;0;0;0;5;6;5;null;null;null;STRUNJAN - ZDRAVILIŠČE;2;45.5333337294868;13.6119778017753
466;1988-02-24;6.1;8.4;5.5;5.2;8.4;3.8;36.0;-1;-1;73;63;66;null;10;10;10;4;13.5;2;10.7;4;10.7;2;2;1;5;6;5;null;null;null;STRUNJAN - ZDRAVILIŠČE;2;45.5333337294868;13.6119778017753
466;1988-02-25;3.6;2.4;8.2;1.8;8.4;1.8;13.2;0;0;92;63;80;null;5;7;7;8;0.5;32;2.5;4;0.5;1;1;1;5;5;5;null;null;null;STRUNJAN - ZDRAVILIŠČE;2;45.5333337294868;13.6119778017753
466;1988-02-26;5.5;1.8;7.2;6.4;7.2;1.5;-1;-1;-1;67;47;54;null;9;7;10;12;0.5;4;7.9;2;5.4;0;0;0;6;6;5;null;null;null;STRUNJAN - ZDRAVILIŠČE;2;45.5333337294868;13.6119778017753
466;1988-02-27;5.2;4.9;5.4;5.2;6.8;4.5;0.0;-1;-1;76;80;96;null;10;10;10;12;3.3;8;0.5;0;0.0;1;1;1;6;6;5;null;null;null;STRUNJAN - ZDRAVILIŠČE;2;45.5333337294868;13.6119778017753
466;1988-02-28;7.5;3.4;9.4;8.5;9.4;3.2;0.0;-1;-1;92;60;69;null;4;4;9;14;0.5;18;5.4;12;3.5;0;0;0;5;6;5;null;null;null;STRUNJAN - ZDRAVILIŠČE;2;45.5333337294868;13.6119778017753
466;1988-02-29;6.5;6.2;8.5;5.6;8.5;3.6;-1;-1;-1;81;75;78;null;10;10;9;8;0.5;18;0.5;2;5.4;0;0;1;5;6;5;null;null;null;STRUNJAN - ZDRAVILIŠČE;2;45.5333337294868;13.6119778017753
466;1988-03-01;4.8;0.1;8.9;5.0;8.9;-0.4;0.2;0;0;95;51;84;null;1;2;7;2;3.3;28;2.5;4;0.5;1;0;0;null;null;null;null;null;null;STRUNJAN - ZDRAVILIŠČE;2;45.5333337294868;13.6119778017753
466;1988-03-02;4.2;0.8;10.8;2.5;10.8;0.5;-1;-1;-1;90;42;62;null;4;1;3;2;0.5;28;0.5;4;0.5;0;0;0;null;null;null;null;null;null;STRUNJAN - ZDRAVILIŠČE;2;45.5333337294868;13.6119778017753
466;1988-03-03;5.2;-0.8;9.4;6.0;9.4;-1.7;-1;-1;-1;79;34;71;null;1;1;10;2;0.5;32;3.4;2;0.5;0;0;0;null;null;null;null;null;null;STRUNJAN - ZDRAVILIŠČE;2;45.5333337294868;13.6119778017753
466;1988-03-04;9.2;7.5;11.0;9.2;11.0;6.0;-1;-1;-1;68;64;68;null;10;7;8;18;3.5;18;5.0;16;0.5;0;0;0;null;null;null;null;null;null;STRUNJAN - ZDRAVILIŠČE;2;45.5333337294868;13.6119778017753
466;1988-03-05;7.1;7.2;7.2;7.0;9.0;7.0;0.1;-1;-1;84;91;93;null;10;10;10;12;1.6;12;0.5;12;0.5;1;1;1;null;null;null;null;null;null;STRUNJAN - ZDRAVILIŠČE;2;45.5333337294868;13.6119778017753
466;1988-03-06;7.4;8.0;9.6;6.0;9.6;6.0;5.7;-1;-1;64;56;53;null;0;0;0;4;5.4;4;7.9;4;5.4;1;1;0;null;null;null;null;null;null;STRUNJAN - ZDRAVILIŠČE;2;45.5333337294868;13.6119778017753
466;1988-03-07;6.4;3.8;8.2;6.8;8.2;3.5;-1;-1;-1;59;59;50;null;10;10;6;2;0.5;2;6.5;4;5.5;0;0;0;null;null;null;null;null;null;STRUNJAN - ZDRAVILIŠČE;2;45.5333337294868;13.6119778017753
466;1988-03-08;5.6;1.0;8.8;6.2;8.8;0.6;-1;-1;-1;86;41;33;null;1;2;0;2;0.5;4;7.9;4;8.5;0;0;0;null;null;null;null;null;null;STRUNJAN - ZDRAVILIŠČE;2;45.5333337294868;13.6119778017753
466;1988-03-09;7.7;5.8;8.4;8.2;8.8;5.8;-1;-1;-1;39;36;38;null;10;9;8;32;3.3;2;8.0;4;6.5;0;0;0;null;null;null;null;null;null;STRUNJAN - ZDRAVILIŠČE;2;45.5333337294868;13.6119778017753
466;1988-03-10;4.2;3.7;9.0;2.1;9.0;2.1;-1;-1;-1;46;33;84;null;0;0;0;4;7.9;30;5.4;4;1.5;0;0;0;null;null;null;null;null;null;STRUNJAN - ZDRAVILIŠČE;2;45.5333337294868;13.6119778017753
466;1988-03-11;5.2;1.8;10.8;4.0;10.8;1.5;-1;-1;-1;74;38;73;null;1;2;9;8;0.5;30;2.5;4;0.5;0;0;0;null;null;null;null;null;null;STRUNJAN - ZDRAVILIŠČE;2;45.5333337294868;13.6119778017753
466;1988-03-12;5.1;0.1;10.6;4.9;10.6;-0.1;-1;-1;-1;91;57;85;null;3;1;8;4;0.5;18;2.5;4;0.5;0;0;0;null;null;null;null;null;null;STRUNJAN - ZDRAVILIŠČE;2;45.5333337294868;13.6119778017753
466;1988-03-13;9.3;5.1;11.4;10.4;13.9;4.2;-1;-1;-1;97;70;84;null;3;9;10;4;0.5;4;0.5;20;0.5;0;0;0;null;null;null;null;null;null;STRUNJAN - ZDRAVILIŠČE;2;45.5333337294868;13.6119778017753
466;1988-03-14;10.8;8.8;14.4;10.0;14.5;8.6;-1;-1;-1;85;58;90;null;3;2;4;16;3.5;20;5.4;0;0.0;0;0;0;null;null;null;null;null;null;STRUNJAN - ZDRAVILIŠČE;2;45.5333337294868;13.6119778017753
466;1988-03-15;12.3;9.6;14.6;12.4;14.6;9.2;-1;-1;-1;69;69;62;null;2;1;10;0;0.0;24;4.0;16;3.4;0;0;0;null;null;null;null;null;null;STRUNJAN - ZDRAVILIŠČE;2;45.5333337294868;13.6119778017753
466;1988-03-16;12.5;11.0;12.9;13.1;13.1;8.6;-1;-1;-1;75;69;69;null;9;10;10;16;3.4;16;5.5;16;3.0;0;0;0;null;null;null;null;null;null;STRUNJAN - ZDRAVILIŠČE;2;45.5333337294868;13.6119778017753
466;1988-03-17;10.4;9.5;11.4;10.4;14.4;9.5;-1;-1;-1;94;86;74;null;7;8;10;0;0.0;16;3.5;28;5.4;0;0;1;null;null;null;null;null;null;STRUNJAN - ZDRAVILIŠČE;2;45.5333337294868;13.6119778017753
466;1988-03-18;8.5;6.0;12.4;7.7;12.7;6.0;1.4;-1;-1;86;62;68;null;2;3;1;0;0.0;4;5.4;4;8.0;1;0;0;null;null;null;null;null;null;STRUNJAN - ZDRAVILIŠČE;2;45.5333337294868;13.6119778017753
466;1988-03-19;8.0;7.2;10.5;7.2;10.5;7.2;-1;-1;-1;41;45;73;null;0;0;10;4;5.4;28;4.0;4;0.5;0;0;0;null;null;null;null;null;null;STRUNJAN - ZDRAVILIŠČE;2;45.5333337294868;13.6119778017753
466;1988-03-20;7.5;5.9;10.9;6.6;11.0;4.5;-1;-1;-1;81;61;82;null;10;9;8;8;0.2;32;1.5;4;1.5;0;0;0;null;null;null;null;null;null;STRUNJAN - ZDRAVILIŠČE;2;45.5333337294868;13.6119778017753
466;1988-03-21;11.3;11.0;9.9;12.1;12.1;6.6;-1;-1;-1;68;94;89;null;10;10;10;16;0.5;2;0.5;16;1.6;0;1;1;null;null;null;null;null;null;STRUNJAN - ZDRAVILIŠČE;2;45.5333337294868;13.6119778017753
466;1988-03-22;10.7;12.0;11.1;9.9;12.2;9.9;6.0;-1;-1;94;99;66;null;10;10;10;12;7.9;8;1.5;4;5.4;1;2;2;null;null;null;null;null;null;STRUNJAN - ZDRAVILIŠČE;2;45.5333337294868;13.6119778017753
466;1988-03-23;8.8;6.6;12.0;8.2;13.0;6.6;86.6;-1;-1;97;80;80;null;3;1;5;16;1.5;28;5.4;4;1.5;2;1;1;null;null;null;null;null;null;STRUNJAN - ZDRAVILIŠČE;2;45.5333337294868;13.6119778017753
466;1988-03-24;9.8;11.2;13.4;7.2;13.4;7.2;-1;-1;-1;49;55;85;null;9;1;1;20;5.4;12;5.4;4;1.5;1;1;1;null;null;null;null;null;null;STRUNJAN - ZDRAVILIŠČE;2;45.5333337294868;13.6119778017753
466;1988-03-25;10.0;6.6;11.6;10.8;11.6;6.5;1.9;-1;-1;78;72;80;null;8;10;10;4;0.5;0;0.0;4;3.5;1;1;1;null;null;null;null;null;null;STRUNJAN - ZDRAVILIŠČE;2;45.5333337294868;13.6119778017753
466;1988-03-26;10.7;6.1;13.0;11.8;13.0;6.0;-1;-1;-1;99;83;75;null;1;1;10;0;0.0;28;5.4;32;3.3;1;0;2;null;null;null;null;null;null;STRUNJAN - ZDRAVILIŠČE;2;45.5333337294868;13.6119778017753
466;1988-03-27;10.1;5.6;13.0;10.9;13.0;5.6;1.8;-1;-1;84;69;66;null;9;4;10;12;0.5;28;5.4;0;0.0;1;0;0;null;null;null;null;null;null;STRUNJAN - ZDRAVILIŠČE;2;45.5333337294868;13.6119778017753
466;1988-03-28;9.9;4.5;15.6;9.8;15.6;4.0;-1;-1;-1;90;58;56;null;4;7;0;8;3.3;28;2.5;4;0.5;0;0;0;null;null;null;null;null;null;STRUNJAN - ZDRAVILIŠČE;2;45.5333337294868;13.6119778017753
466;1988-03-29;7.2;3.5;12.6;6.4;12.6;3.1;-1;-1;-1;77;45;78;null;1;1;5;8;2.0;28;3.3;4;3.3;0;0;0;null;null;null;null;null;null;STRUNJAN - ZDRAVILIŠČE;2;45.5333337294868;13.6119778017753
466;1988-03-30;12.4;10.6;14.6;12.1;14.8;6.4;-1;-1;-1;75;59;71;null;8;10;10;12;2.5;12;5.4;16;5.4;0;0;1;null;null;null;null;null;null;STRUNJAN - ZDRAVILIŠČE;2;45.5333337294868;13.6119778017753
466;1988-03-31;11.0;10.1;13.9;10.0;13.9;10.0;16.0;-1;-1;78;63;90;null;10;9;8;16;5.4;16;4.5;16;3.3;2;2;2;null;null;null;null;null;null;STRUNJAN - ZDRAVILIŠČE;2;45.5333337294868;13.6119778017753
466;1988-04-01;9.2;6.0;11.5;9.6;11.5;5.2;5.5;-1;-1;92;64;85;null;3;8;10;12;0.5;16;2.4;0;0.0;1;1;1;null;null;null;null;null;null;STRUNJAN - ZDRAVILIŠČE;2;45.5333337294868;13.6119778017753
466;1988-04-02;10.8;8.5;12.9;10.8;13.0;8.5;-1;-1;-1;92;72;79;null;5;6;9;16;0.5;28;0.5;16;3.4;1;1;1;null;null;null;null;null;null;STRUNJAN - ZDRAVILIŠČE;2;45.5333337294868;13.6119778017753
466;1988-04-03;10.5;9.4;12.3;10.1;12.3;9.4;0.4;-1;-1;90;77;89;null;9;10;10;0;0.0;32;0.5;2;0.5;1;1;1;null;null;null;null;null;null;STRUNJAN - ZDRAVILIŠČE;2;45.5333337294868;13.6119778017753
466;1988-04-04;10.7;9.0;12.6;10.6;14.1;8.8;0.7;-1;-1;97;77;86;null;10;10;5;2;0.5;16;0.5;4;0.5;1;1;1;null;null;null;null;null;null;STRUNJAN - ZDRAVILIŠČE;2;45.5333337294868;13.6119778017753
466;1988-04-05;13.5;13.2;14.8;13.0;14.8;9.8;-1;-1;-1;75;63;66;null;10;10;10;8;4.4;4;6.7;4;4.4;0;0;1;null;null;null;null;null;null;STRUNJAN - ZDRAVILIŠČE;2;45.5333337294868;13.6119778017753
466;1988-04-06;14.4;13.0;16.1;14.2;16.6;13.0;1.7;-1;-1;73;63;73;null;8;10;10;2;5.4;4;7.9;4;3.3;1;0;1;null;null;null;null;null;null;STRUNJAN - ZDRAVILIŠČE;2;45.5333337294868;13.6119778017753
466;1988-04-07;11.9;11.9;15.8;10.0;16.0;10.0;4.0;-1;-1;92;64;94;null;9;10;10;8;0.5;18;5.4;4;0.5;1;1;1;null;null;null;null;null;null;STRUNJAN - ZDRAVILIŠČE;2;45.5333337294868;13.6119778017753
466;1988-04-08;13.1;11.0;14.9;13.2;15.0;10.0;2.5;-1;-1;90;69;69;null;8;3;8;18;5.4;20;5.4;18;7.9;1;1;1;null;null;null;null;null;null;STRUNJAN - ZDRAVILIŠČE;2;45.5333337294868;13.6119778017753
466;1988-04-09;13.8;13.0;15.0;13.5;15.5;12.9;-1;-1;-1;78;74;69;null;8;10;10;18;5.4;18;5.4;18;5.4;0;0;0;null;null;null;null;null;null;STRUNJAN - ZDRAVILIŠČE;2;45.5333337294868;13.6119778017753
466;1988-04-10;10.8;12.8;12.0;9.1;13.5;9.1;-1;-1;-1;78;75;73;null;8;10;5;16;5.4;32;5.4;32;6.5;0;0;0;null;null;null;null;null;null;STRUNJAN - ZDRAVILIŠČE;2;45.5333337294868;13.6119778017753
466;1988-04-11;9.7;6.9;14.0;8.9;15.2;6.9;-1;-1;-1;76;68;84;null;0;0;7;10;5.0;28;3.3;8;5.0;0;0;0;null;null;null;null;null;null;STRUNJAN - ZDRAVILIŠČE;2;45.5333337294868;13.6119778017753
466;1988-04-12;10.9;7.6;14.2;10.8;15.6;7.1;-1;-1;-1;87;73;93;null;0;9;10;8;0.5;30;3.3;0;0.0;0;0;1;null;null;null;null;null;null;STRUNJAN - ZDRAVILIŠČE;2;45.5333337294868;13.6119778017753
466;1988-04-13;13.9;13.2;15.5;13.4;16.1;10.8;6.8;-1;-1;79;80;89;null;10;8;1;16;5.4;4;5.4;0;0.0;1;1;1;null;null;null;null;null;null;STRUNJAN - ZDRAVILIŠČE;2;45.5333337294868;13.6119778017753
466;1988-04-14;10.5;10.8;15.5;7.8;15.5;7.8;0.4;-1;-1;52;28;66;null;2;1;0;4;6.7;4;9.3;4;0.9;0;0;0;null;null;null;null;null;null;STRUNJAN - ZDRAVILIŠČE;2;45.5333337294868;13.6119778017753
466;1988-04-15;8.3;6.9;11.9;7.1;12.0;2.5;-1;-1;-1;67;48;88;null;9;1;7;8;0.5;28;4.4;4;0.5;0;0;0;null;null;null;null;null;null;STRUNJAN - ZDRAVILIŠČE;2;45.5333337294868;13.6119778017753
466;1988-04-16;9.8;5.1;14.5;9.7;14.8;3.1;-1;-1;-1;97;69;87;null;1;0;5;0;0.0;28;4.4;4;0.5;0;0;0;null;null;null;null;null;null;STRUNJAN - ZDRAVILIŠČE;2;45.5333337294868;13.6119778017753
466;1988-04-17;11.8;6.5;15.2;12.8;15.4;3.9;-1;-1;-1;86;55;58;null;0;0;2;10;0.5;20;4.4;0;0.0;0;0;0;null;null;null;null;null;null;STRUNJAN - ZDRAVILIŠČE;2;45.5333337294868;13.6119778017753
466;1988-04-18;11.3;6.4;15.6;11.6;16.1;4.6;-1;-1;-1;93;74;80;null;0;1;5;10;0.9;18;2.4;4;0.5;0;0;0;null;null;null;null;null;null;STRUNJAN - ZDRAVILIŠČE;2;45.5333337294868;13.6119778017753
466;1988-04-19;14.4;11.4;19.9;13.1;19.9;8.6;-1;-1;-1;87;64;69;null;9;0;2;6;0.5;28;3.3;4;0.5;0;0;0;null;null;null;null;null;null;STRUNJAN - ZDRAVILIŠČE;2;45.5333337294868;13.6119778017753
466;1988-04-20;13.6;10.5;19.0;12.5;19.0;9.5;-1;-1;-1;89;57;75;null;0;1;0;2;0.5;18;5.4;4;0.5;0;0;0;null;null;null;null;null;null;STRUNJAN - ZDRAVILIŠČE;2;45.5333337294868;13.6119778017753
466;1988-04-21;14.6;12.6;17.6;14.0;18.0;11.0;-1;-1;-1;89;77;100;null;1;7;7;8;0.2;28;3.3;4;0.5;0;0;0;null;null;null;null;null;null;STRUNJAN - ZDRAVILIŠČE;2;45.5333337294868;13.6119778017753
466;1988-04-22;15.4;11.4;19.1;15.6;20.0;11.0;-1;-1;-1;91;73;88;null;9;1;8;6;0.2;28;5.4;4;0.5;0;0;0;null;null;null;null;null;null;STRUNJAN - ZDRAVILIŠČE;2;45.5333337294868;13.6119778017753
466;1988-04-23;17.2;14.5;20.2;17.0;20.2;11.5;-1;-1;-1;80;46;82;null;9;0;10;14;1.5;18;5.4;10;5.4;0;0;0;null;null;null;null;null;null;STRUNJAN - ZDRAVILIŠČE;2;45.5333337294868;13.6119778017753
466;1988-04-24;8.6;7.0;10.8;8.2;17.0;3.9;8.4;0;0;85;63;63;null;10;1;0;2;17.1;2;10.7;4;10.7;2;1;1;null;null;null;null;null;null;STRUNJAN - ZDRAVILIŠČE;2;45.5333337294868;13.6119778017753
466;1988-04-25;9.8;6.8;14.6;8.9;14.6;4.6;8.2;0;0;56;59;90;null;0;1;8;2;7.9;30;5.4;0;0.0;1;0;0;null;null;null;null;null;null;STRUNJAN - ZDRAVILIŠČE;2;45.5333337294868;13.6119778017753
466;1988-04-26;11.7;7.6;16.0;11.6;16.0;5.4;-1;-1;-1;92;60;80;null;0;1;4;2;1.5;28;5.4;4;1.5;0;0;0;null;null;null;null;null;null;STRUNJAN - ZDRAVILIŠČE;2;45.5333337294868;13.6119778017753
466;1988-04-27;13.3;9.9;18.9;12.1;18.9;8.2;-1;-1;-1;92;62;66;null;0;4;7;2;1.5;28;3.3;4;1.5;0;0;0;null;null;null;null;null;null;STRUNJAN - ZDRAVILIŠČE;2;45.5333337294868;13.6119778017753
466;1988-04-28;13.6;15.2;14.4;12.4;15.2;12.0;-1;-1;-1;64;80;94;null;10;10;10;2;5.4;4;5.4;4;1.5;0;1;2;null;null;null;null;null;null;STRUNJAN - ZDRAVILIŠČE;2;45.5333337294868;13.6119778017753
466;1988-04-29;15.1;12.0;17.4;15.4;17.4;11.0;13.0;-1;-1;99;71;71;null;9;10;10;6;5.0;6;3.3;8;3.3;2;1;1;null;null;null;null;null;null;STRUNJAN - ZDRAVILIŠČE;2;45.5333337294868;13.6119778017753
466;1988-04-30;15.4;14.9;16.2;15.2;16.2;13.5;-1;-1;-1;71;74;77;null;9;10;7;4;5.4;4;1.5;4;1.5;1;1;1;null;null;null;null;null;null;STRUNJAN - ZDRAVILIŠČE;2;45.5333337294868;13.6119778017753
466;1988-05-01;15.0;12.4;19.2;14.1;19.4;11.6;0.3;-1;-1;90;68;86;null;0;2;0;0;0.0;28;5.4;4;0.5;1;0;0;null;null;null;null;null;null;STRUNJAN - ZDRAVILIŠČE;2;45.5333337294868;13.6119778017753
466;1988-05-02;16.8;15.5;19.0;16.4;19.5;11.5;-1;-1;-1;77;82;70;null;6;5;9;12;3.3;20;3.3;4;2.5;0;0;0;null;null;null;null;null;null;STRUNJAN - ZDRAVILIŠČE;2;45.5333337294868;13.6119778017753
466;1988-05-03;15.8;16.1;19.0;14.0;19.0;14.0;0.2;-1;-1;79;69;89;null;10;9;8;16;5.4;16;10.7;4;0.5;0;0;1;null;null;null;null;null;null;STRUNJAN - ZDRAVILIŠČE;2;45.5333337294868;13.6119778017753
466;1988-05-04;17.5;15.6;19.2;17.5;19.2;11.2;0.9;-1;-1;78;71;81;null;9;8;6;10;0.5;20;5.4;12;5.4;1;0;0;null;null;null;null;null;null;STRUNJAN - ZDRAVILIŠČE;2;45.5333337294868;13.6119778017753
466;1988-05-05;16.6;16.9;17.8;15.8;17.8;15.6;10.5;-1;-1;84;82;94;null;10;10;10;12;7.9;16;0.5;4;0.5;1;1;1;null;null;null;null;null;null;STRUNJAN - ZDRAVILIŠČE;2;45.5333337294868;13.6119778017753
466;1988-05-06;16.6;14.4;19.4;16.2;19.4;13.1;-1;-1;-1;100;77;92;null;10;0;8;0;0.0;28;3.3;4;0.5;0;0;0;null;null;null;null;null;null;STRUNJAN - ZDRAVILIŠČE;2;45.5333337294868;13.6119778017753
466;1988-05-07;18.0;14.9;22.9;17.1;22.9;13.0;-1;-1;-1;88;55;76;null;2;1;7;8;0.5;28;3.3;4;0.5;0;0;0;null;null;null;null;null;null;STRUNJAN - ZDRAVILIŠČE;2;45.5333337294868;13.6119778017753
466;1988-05-08;20.8;16.7;24.9;20.8;24.9;15.7;-1;-1;-1;78;48;53;null;10;4;8;0;0.0;4;7.9;4;7.9;0;0;0;null;null;null;null;null;null;STRUNJAN - ZDRAVILIŠČE;2;45.5333337294868;13.6119778017753
466;1988-05-09;18.7;15.9;24.0;17.4;24.0;13.7;-1;-1;-1;80;62;79;null;1;4;9;8;0.5;28;0.5;0;0.0;0;0;0;null;null;null;null;null;null;STRUNJAN - ZDRAVILIŠČE;2;45.5333337294868;13.6119778017753
466;1988-05-10;19.0;16.3;22.0;18.9;22.0;13.1;-1;-1;-1;63;51;74;null;3;0;10;8;0.5;20;5.4;4;3.3;0;0;0;null;null;null;null;null;null;STRUNJAN - ZDRAVILIŠČE;2;45.5333337294868;13.6119778017753
466;1988-05-11;17.1;15.0;19.9;16.7;19.9;15.0;0.2;-1;-1;78;52;65;null;9;9;8;4;7.9;4;5.4;4;5.4;1;0;0;null;null;null;null;null;null;STRUNJAN - ZDRAVILIŠČE;2;45.5333337294868;13.6119778017753
466;1988-05-12;17.3;15.4;19.0;17.4;20.0;14.0;-1;-1;-1;72;46;60;null;3;10;10;4;7.9;4;5.4;4;7.9;0;1;0;null;null;null;null;null;null;STRUNJAN - ZDRAVILIŠČE;2;45.5333337294868;13.6119778017753
466;1988-05-13;16.7;16.9;17.8;16.1;17.8;16.1;0.0;-1;-1;62;74;76;null;10;7;5;4;7.9;4;5.4;4;0.5;0;1;0;null;null;null;null;null;null;STRUNJAN - ZDRAVILIŠČE;2;45.5333337294868;13.6119778017753
466;1988-05-14;18.7;17.8;19.7;18.6;21.0;12.7;0.0;-1;-1;73;61;64;null;2;7;7;2;7.9;2;7.9;2;7.9;0;0;0;null;null;null;null;null;null;STRUNJAN - ZDRAVILIŠČE;2;45.5333337294868;13.6119778017753
466;1988-05-15;17.8;18.2;18.9;17.0;21.0;17.0;-1;-1;-1;67;78;73;null;9;10;10;6;5.4;20;3.3;4;0.5;0;0;0;null;null;null;null;null;null;STRUNJAN - ZDRAVILIŠČE;2;45.5333337294868;13.6119778017753
466;1988-05-16;18.0;15.9;20.9;17.6;20.9;13.2;-1;-1;-1;79;71;84;null;1;6;4;12;1.5;28;3.3;4;0.5;0;0;0;null;null;null;null;null;null;STRUNJAN - ZDRAVILIŠČE;2;45.5333337294868;13.6119778017753
466;1988-05-17;19.0;17.8;20.8;18.6;21.1;14.2;-1;-1;-1;84;71;73;null;10;8;10;16;3.3;20;1.5;16;5.4;0;0;0;null;null;null;null;null;null;STRUNJAN - ZDRAVILIŠČE;2;45.5333337294868;13.6119778017753
466;1988-05-18;19.2;17.2;22.0;18.7;22.3;16.9;0.0;-1;-1;83;60;78;null;9;4;10;16;3.3;18;7.9;28;7.9;0;0;1;null;null;null;null;null;null;STRUNJAN - ZDRAVILIŠČE;2;45.5333337294868;13.6119778017753
466;1988-05-19;19.7;18.5;21.5;19.3;22.0;14.5;5.0;-1;-1;78;64;74;null;9;5;10;18;5.4;18;5.4;20;5.4;1;0;1;null;null;null;null;null;null;STRUNJAN - ZDRAVILIŠČE;2;45.5333337294868;13.6119778017753
466;1988-05-20;17.4;17.1;19.8;16.4;21.0;13.9;3.3;-1;-1;88;68;86;null;9;8;10;14;3.3;10;3.3;14;3.3;1;1;1;null;null;null;null;null;null;STRUNJAN - ZDRAVILIŠČE;2;45.5333337294868;13.6119778017753
466;1988-05-21;16.7;16.1;17.9;16.3;18.1;13.0;3.0;-1;-1;66;58;64;null;9;10;10;4;7.9;4;7.9;4;5.4;1;1;1;null;null;null;null;null;null;STRUNJAN - ZDRAVILIŠČE;2;45.5333337294868;13.6119778017753
466;1988-05-22;15.9;13.5;18.2;15.9;18.5;13.5;-1;-1;-1;60;53;70;null;8;2;9;4;0.5;4;3.3;4;0.5;0;0;0;null;null;null;null;null;null;STRUNJAN - ZDRAVILIŠČE;2;45.5333337294868;13.6119778017753
466;1988-05-23;15.3;13.4;19.2;14.2;19.5;10.0;-1;-1;-1;71;60;81;null;0;0;3;8;0.5;28;5.4;16;3.3;0;0;0;null;null;null;null;null;null;STRUNJAN - ZDRAVILIŠČE;2;45.5333337294868;13.6119778017753
466;1988-05-24;18.3;14.9;22.2;18.0;22.7;10.5;-1;-1;-1;80;66;84;null;0;0;5;10;0.5;28;0.5;16;3.3;0;0;0;null;null;null;null;null;null;STRUNJAN - ZDRAVILIŠČE;2;45.5333337294868;13.6119778017753
466;1988-05-25;20.5;18.8;23.5;19.9;24.6;12.5;-1;-1;-1;67;65;58;null;0;0;3;8;3.3;26;3.3;4;0.5;0;0;0;null;null;null;null;null;null;STRUNJAN - ZDRAVILIŠČE;2;45.5333337294868;13.6119778017753
466;1988-05-26;19.4;19.9;22.6;17.6;24.5;13.5;-1;-1;-1;63;56;77;null;0;10;6;8;0.5;20;3.3;8;0.5;0;1;1;null;null;null;null;null;null;STRUNJAN - ZDRAVILIŠČE;2;45.5333337294868;13.6119778017753
466;1988-05-27;17.2;17.5;19.1;16.1;22.5;12.4;0.9;-1;-1;76;75;99;null;4;10;8;8;0.5;6;3.3;6;0.5;0;0;0;null;null;null;null;null;null;STRUNJAN - ZDRAVILIŠČE;2;45.5333337294868;13.6119778017753
466;1988-05-28;16.2;18.6;16.1;15.1;20.5;14.3;0.2;-1;-1;76;81;94;null;9;10;4;12;3.3;6;7.9;8;0.5;0;2;2;null;null;null;null;null;null;STRUNJAN - ZDRAVILIŠČE;2;45.5333337294868;13.6119778017753
466;1988-05-29;19.2;17.9;20.9;19.0;21.1;14.5;35.3;-1;-1;79;72;70;null;8;4;3;6;0.5;22;5.4;20;5.4;1;1;0;null;null;null;null;null;null;STRUNJAN - ZDRAVILIŠČE;2;45.5333337294868;13.6119778017753
466;1988-05-30;19.5;18.6;22.2;18.6;22.4;18.1;-1;-1;-1;77;66;78;null;9;7;10;16;5.4;18;5.4;8;0.5;1;1;1;null;null;null;null;null;null;STRUNJAN - ZDRAVILIŠČE;2;45.5333337294868;13.6119778017753
466;1988-05-31;20.6;19.0;23.2;20.1;23.2;19.0;0.7;-1;-1;86;57;72;null;7;3;4;16;5.4;28;5.4;16;0.5;1;0;0;null;null;null;null;null;null;STRUNJAN - ZDRAVILIŠČE;2;45.5333337294868;13.6119778017753
466;1988-06-01;18.5;19.5;18.4;18.0;21.5;17.9;-1;-1;-1;79;68;55;null;8;9;2;16;5.4;6;7.9;6;7.9;0;0;0;null;null;null;null;null;null;STRUNJAN - ZDRAVILIŠČE;2;45.5333337294868;13.6119778017753
466;1988-06-02;17.9;15.8;22.8;16.4;22.8;11.0;-1;-1;-1;82;52;87;null;1;1;1;8;0.5;28;3.3;0;0.0;0;0;0;null;null;null;null;null;null;STRUNJAN - ZDRAVILIŠČE;2;45.5333337294868;13.6119778017753
466;1988-06-03;19.1;17.6;24.1;17.4;24.1;14.1;-1;-1;-1;85;52;86;null;0;1;1;8;0.5;28;3.3;8;0.5;0;0;0;null;null;null;null;null;null;STRUNJAN - ZDRAVILIŠČE;2;45.5333337294868;13.6119778017753
466;1988-06-04;22.1;18.1;25.5;22.4;25.5;14.4;-1;-1;-1;80;36;65;null;1;1;4;0;0.0;20;5.5;16;3.5;0;0;0;null;null;null;null;null;null;STRUNJAN - ZDRAVILIŠČE;2;45.5333337294868;13.6119778017753
466;1988-06-05;17.4;17.2;17.4;17.4;22.5;16.5;12.0;-1;-1;96;95;88;null;10;10;10;10;0.5;6;0.5;8;0.5;2;2;2;null;null;null;null;null;null;STRUNJAN - ZDRAVILIŠČE;2;45.5333337294868;13.6119778017753
466;1988-06-06;16.8;16.8;17.9;16.2;21.1;14.9;27.5;-1;-1;82;77;83;null;4;9;10;16;5.5;6;5.5;10;0.5;2;1;1;null;null;null;null;null;null;STRUNJAN - ZDRAVILIŠČE;2;45.5333337294868;13.6119778017753
466;1988-06-07;16.5;14.9;18.5;16.2;19.5;13.4;4.5;-1;-1;85;76;79;null;9;9;7;10;0.5;20;0.5;10;0.5;1;1;1;null;null;null;null;null;null;STRUNJAN - ZDRAVILIŠČE;2;45.5333337294868;13.6119778017753
466;1988-06-08;17.9;17.0;19.5;17.6;21.1;12.2;1.7;-1;-1;76;70;84;null;6;9;8;16;0.5;30;1.5;0;0.0;1;1;0;null;null;null;null;null;null;STRUNJAN - ZDRAVILIŠČE;2;45.5333337294868;13.6119778017753
466;1988-06-09;19.6;18.4;23.9;18.0;23.9;13.3;0.0;-1;-1;88;63;89;null;1;9;10;4;0.5;20;3.3;4;0.5;0;0;0;null;null;null;null;null;null;STRUNJAN - ZDRAVILIŠČE;2;45.5333337294868;13.6119778017753
466;1988-06-10;19.4;17.0;22.3;19.1;24.6;14.5;-1;-1;-1;89;69;85;null;1;4;10;10;0.5;28;3.3;4;0.5;0;0;0;null;null;null;null;null;null;STRUNJAN - ZDRAVILIŠČE;2;45.5333337294868;13.6119778017753
466;1988-06-11;21.7;18.6;24.5;21.8;25.5;16.6;-1;-1;-1;94;56;62;null;7;4;9;10;0.5;20;5.5;16;3.3;0;0;0;null;null;null;null;null;null;STRUNJAN - ZDRAVILIŠČE;2;45.5333337294868;13.6119778017753
466;1988-06-12;21.2;19.2;25.2;20.1;25.5;17.0;-1;-1;-1;83;62;83;null;8;2;5;16;0.5;28;5.5;10;3.3;0;0;0;null;null;null;null;null;null;STRUNJAN - ZDRAVILIŠČE;2;45.5333337294868;13.6119778017753
466;1988-06-13;19.1;18.6;22.4;17.6;23.1;16.0;-1;-1;-1;86;64;94;null;4;9;8;8;0.5;32;0.5;8;0.5;0;0;1;null;null;null;null;null;null;STRUNJAN - ZDRAVILIŠČE;2;45.5333337294868;13.6119778017753
466;1988-06-14;21.7;19.9;24.0;21.5;24.6;16.8;15.0;-1;-1;83;68;81;null;2;2;2;10;0.5;28;5.5;12;3.3;1;1;0;null;null;null;null;null;null;STRUNJAN - ZDRAVILIŠČE;2;45.5333337294868;13.6119778017753
466;1988-06-15;22.2;21.0;23.9;21.9;24.5;16.9;2.0;-1;-1;75;59;80;null;1;3;2;20;5.5;24;5.5;12;0.5;1;0;0;null;null;null;null;null;null;STRUNJAN - ZDRAVILIŠČE;2;45.5333337294868;13.6119778017753
466;1988-06-16;23.0;21.9;25.9;22.1;26.0;18.6;-1;-1;-1;79;61;71;null;2;1;5;6;0.5;30;3.3;20;3.3;0;0;0;null;null;null;null;null;null;STRUNJAN - ZDRAVILIŠČE;2;45.5333337294868;13.6119778017753
466;1988-06-17;19.6;16.7;21.6;20.0;22.7;16.1;16.7;-1;-1;93;67;75;null;10;3;10;16;0.5;4;5.5;4;0.5;1;1;1;null;null;null;null;null;null;STRUNJAN - ZDRAVILIŠČE;2;45.5333337294868;13.6119778017753
466;1988-06-18;18.4;18.0;21.9;16.9;23.5;16.5;-1;-1;-1;73;49;95;null;9;10;10;16;0.5;20;3.3;0;0.0;0;0;1;null;null;null;null;null;null;STRUNJAN - ZDRAVILIŠČE;2;45.5333337294868;13.6119778017753
466;1988-06-19;18.2;17.0;19.8;18.0;22.0;15.2;14.8;-1;-1;90;71;91;null;10;10;4;16;0.5;32;0.5;10;0.5;4;1;1;null;null;null;null;null;null;STRUNJAN - ZDRAVILIŠČE;2;45.5333337294868;13.6119778017753
466;1988-06-20;20.0;17.0;23.2;19.9;25.0;13.5;0.0;-1;-1;89;70;85;null;7;2;10;8;0.5;30;3.3;20;0.5;1;0;0;null;null;null;null;null;null;STRUNJAN - ZDRAVILIŠČE;2;45.5333337294868;13.6119778017753
466;1988-06-21;20.8;17.2;24.2;20.9;24.4;14.5;2.3;-1;-1;92;62;80;null;0;2;3;16;0.5;28;3.3;10;0.5;1;0;0;null;null;null;null;null;null;STRUNJAN - ZDRAVILIŠČE;2;45.5333337294868;13.6119778017753
466;1988-06-22;20.5;17.1;25.0;20.0;26.5;16.9;-1;-1;-1;93;62;82;null;7;2;5;8;3.3;28;3.3;0;0.0;0;0;0;null;null;null;null;null;null;STRUNJAN - ZDRAVILIŠČE;2;45.5333337294868;13.6119778017753
466;1988-06-23;22.0;20.0;26.1;20.9;26.1;16.2;-1;-1;-1;82;49;83;null;0;8;9;8;0.5;28;3.3;8;0.5;0;0;0;null;null;null;null;null;null;STRUNJAN - ZDRAVILIŠČE;2;45.5333337294868;13.6119778017753
466;1988-06-24;20.1;18.1;24.2;19.0;24.5;16.7;-1;-1;-1;72;48;82;null;3;4;7;6;4.4;2;5.5;8;0.5;0;0;0;null;null;null;null;null;null;STRUNJAN - ZDRAVILIŠČE;2;45.5333337294868;13.6119778017753
466;1988-06-25;20.0;17.9;24.2;19.0;25.5;15.9;-1;-1;-1;72;50;68;null;7;6;8;0;0.0;20;5.5;4;0.5;0;0;0;null;null;null;null;null;null;STRUNJAN - ZDRAVILIŠČE;2;45.5333337294868;13.6119778017753
466;1988-06-26;21.6;19.8;25.1;20.8;26.0;19.2;-1;-1;-1;66;53;79;null;2;3;6;4;5.5;4;5.5;16;0.5;0;0;0;null;null;null;null;null;null;STRUNJAN - ZDRAVILIŠČE;2;45.5333337294868;13.6119778017753
466;1988-06-27;21.3;18.9;24.0;21.1;24.2;15.5;-1;-1;-1;95;62;77;null;0;5;4;0;0.0;18;5.5;16;0.5;0;0;0;null;null;null;null;null;null;STRUNJAN - ZDRAVILIŠČE;2;45.5333337294868;13.6119778017753
466;1988-06-28;22.0;21.1;24.4;21.2;25.0;18.5;-1;-1;-1;76;67;86;null;0;6;5;0;0.0;16;0.5;10;0.5;0;0;0;null;null;null;null;null;null;STRUNJAN - ZDRAVILIŠČE;2;45.5333337294868;13.6119778017753
466;1988-06-29;23.2;21.6;25.4;22.9;26.0;20.1;0.0;-1;-1;74;67;77;null;9;7;9;16;5.5;20;3.3;20;3.3;0;0;0;null;null;null;null;null;null;STRUNJAN - ZDRAVILIŠČE;2;45.5333337294868;13.6119778017753
466;1988-06-30;23.7;23.6;25.9;22.6;25.9;20.4;0.0;-1;-1;73;64;69;null;5;9;7;20;3.3;20;5.5;20;5.5;0;0;0;null;null;null;null;null;null;STRUNJAN - ZDRAVILIŠČE;2;45.5333337294868;13.6119778017753
466;1988-07-01;23.4;21.1;26.4;23.0;27.9;17.6;-1;-1;-1;81;58;83;null;2;9;9;16;0.5;16;3.3;0;0.0;0;0;0;null;null;null;null;null;null;STRUNJAN - ZDRAVILIŠČE;2;45.5333337294868;13.6119778017753
466;1988-07-02;24.2;22.4;26.0;24.1;27.4;22.0;-1;-1;-1;79;56;62;null;9;2;4;16;5.5;16;5.5;16;5.5;0;0;0;null;null;null;null;null;null;STRUNJAN - ZDRAVILIŠČE;2;45.5333337294868;13.6119778017753
466;1988-07-03;21.3;22.0;26.0;18.5;26.3;18.0;-1;-1;-1;66;56;94;null;0;4;6;16;0.5;20;5.5;10;0.5;0;0;2;null;null;null;null;null;null;STRUNJAN - ZDRAVILIŠČE;2;45.5333337294868;13.6119778017753
466;1988-07-04;24.8;23.0;27.9;24.1;29.0;17.9;17.0;-1;-1;69;60;83;null;10;4;3;16;5.5;22;7.9;10;0.5;1;0;0;null;null;null;null;null;null;STRUNJAN - ZDRAVILIŠČE;2;45.5333337294868;13.6119778017753
466;1988-07-05;24.6;22.8;27.6;24.0;28.6;19.4;-1;-1;-1;81;71;77;null;7;0;0;16;3.3;22;3.3;8;0.5;0;0;0;null;null;null;null;null;null;STRUNJAN - ZDRAVILIŠČE;2;45.5333337294868;13.6119778017753
466;1988-07-06;26.0;22.9;29.0;26.1;30.0;20.0;-1;-1;-1;82;60;65;null;0;0;0;0;0.0;24;5.5;16;0.5;0;0;0;null;null;null;null;null;null;STRUNJAN - ZDRAVILIŠČE;2;45.5333337294868;13.6119778017753
466;1988-07-07;24.7;23.7;29.5;22.7;29.5;22.7;-1;-1;-1;72;63;72;null;0;1;0;10;0.5;24;5.5;10;0.5;0;0;0;null;null;null;null;null;null;STRUNJAN - ZDRAVILIŠČE;2;45.5333337294868;13.6119778017753
466;1988-07-08;24.3;21.9;29.6;22.8;29.6;18.0;-1;-1;-1;75;50;77;null;0;1;2;12;0.5;24;0.5;8;0.5;0;0;0;null;null;null;null;null;null;STRUNJAN - ZDRAVILIŠČE;2;45.5333337294868;13.6119778017753
466;1988-07-09;24.7;23.1;29.1;23.2;29.5;19.5;-1;-1;-1;62;50;86;null;3;2;1;6;7.9;24;3.3;8;0.5;0;0;0;null;null;null;null;null;null;STRUNJAN - ZDRAVILIŠČE;2;45.5333337294868;13.6119778017753
466;1988-07-10;24.7;23.5;28.4;23.4;28.5;20.9;-1;-1;-1;57;46;73;null;3;4;0;6;3.3;24;3.3;8;0.5;0;0;0;null;null;null;null;null;null;STRUNJAN - ZDRAVILIŠČE;2;45.5333337294868;13.6119778017753
466;1988-07-11;24.0;22.8;29.4;21.8;29.4;18.0;-1;-1;-1;78;55;85;null;0;1;0;0;0.0;24;3.3;8;0.5;0;0;0;null;null;null;null;null;null;STRUNJAN - ZDRAVILIŠČE;2;45.5333337294868;13.6119778017753
466;1988-07-12;24.7;20.0;27.8;25.4;28.1;19.4;-1;-1;-1;93;54;58;null;5;1;9;8;0.5;4;5.5;4;5.5;0;0;0;null;null;null;null;null;null;STRUNJAN - ZDRAVILIŠČE;2;45.5333337294868;13.6119778017753
466;1988-07-13;23.2;19.8;28.1;22.4;28.5;17.4;0.0;-1;-1;77;52;80;null;7;4;5;4;0.5;24;0.5;8;0.5;0;0;0;null;null;null;null;null;null;STRUNJAN - ZDRAVILIŠČE;2;45.5333337294868;13.6119778017753
466;1988-07-14;25.7;25.3;27.8;24.9;29.0;20.2;-1;-1;-1;81;52;60;null;3;7;8;16;7.9;18;5.5;4;7.9;0;0;0;null;null;null;null;null;null;STRUNJAN - ZDRAVILIŠČE;2;45.5333337294868;13.6119778017753
466;1988-07-15;20.4;20.1;21.5;20.0;24.6;19.5;-1;-1;-1;66;65;59;null;3;8;4;4;7.9;4;10.7;4;10.7;0;0;0;null;null;null;null;null;null;STRUNJAN - ZDRAVILIŠČE;2;45.5333337294868;13.6119778017753
466;1988-07-16;21.9;19.6;24.0;22.0;24.0;18.1;-1;-1;-1;53;50;55;null;5;2;3;4;5.4;30;5.4;30;3.3;0;0;0;null;null;null;null;null;null;STRUNJAN - ZDRAVILIŠČE;2;45.5333337294868;13.6119778017753
466;1988-07-17;20.7;19.9;24.2;19.4;25.5;19.4;-1;-1;-1;59;48;74;null;4;2;6;28;3.3;28;5.4;6;0.5;0;0;0;null;null;null;null;null;null;STRUNJAN - ZDRAVILIŠČE;2;45.5333337294868;13.6119778017753
466;1988-07-18;22.0;19.0;27.1;21.0;27.4;16.1;-1;-1;-1;75;52;74;null;4;1;0;0;0.0;28;3.3;8;0.5;0;0;0;null;null;null;null;null;null;STRUNJAN - ZDRAVILIŠČE;2;45.5333337294868;13.6119778017753
466;1988-07-19;22.7;19.9;27.5;21.7;28.0;19.9;-1;-1;-1;82;46;84;null;0;0;0;8;0.5;24;3.3;8;0.5;0;0;0;null;null;null;null;null;null;STRUNJAN - ZDRAVILIŠČE;2;45.5333337294868;13.6119778017753
466;1988-07-20;25.2;22.9;28.0;25.0;30.0;19.0;-1;-1;-1;68;44;76;null;0;0;0;4;0.5;24;3.3;8;0.5;0;0;0;null;null;null;null;null;null;STRUNJAN - ZDRAVILIŠČE;2;45.5333337294868;13.6119778017753
466;1988-07-21;24.4;22.0;29.8;22.9;30.0;17.6;-1;-1;-1;82;62;72;null;0;1;1;8;0.5;24;3.3;8;0.5;0;0;0;null;null;null;null;null;null;STRUNJAN - ZDRAVILIŠČE;2;45.5333337294868;13.6119778017753
466;1988-07-22;25.0;22.1;31.0;23.5;31.5;18.9;-1;-1;-1;84;56;80;null;2;1;1;0;0.0;24;0.5;8;0.5;0;0;0;null;null;null;null;null;null;STRUNJAN - ZDRAVILIŠČE;2;45.5333337294868;13.6119778017753
466;1988-07-23;27.4;23.2;30.0;28.1;31.0;21.0;-1;-1;-1;91;67;78;null;0;3;0;8;0.5;32;0.5;0;0.0;0;0;0;null;null;null;null;null;null;STRUNJAN - ZDRAVILIŠČE;2;45.5333337294868;13.6119778017753
466;1988-07-24;28.3;23.5;30.2;29.8;31.0;23.5;-1;-1;-1;88;70;51;null;0;0;2;8;0.5;24;3.3;8;0.5;0;0;0;null;null;null;null;null;null;STRUNJAN - ZDRAVILIŠČE;2;45.5333337294868;13.6119778017753
466;1988-07-25;26.1;23.2;31.0;25.0;31.2;20.9;-1;-1;-1;84;58;76;null;0;1;0;8;0.5;24;5.5;8;0.5;0;0;0;null;null;null;null;null;null;STRUNJAN - ZDRAVILIŠČE;2;45.5333337294868;13.6119778017753
466;1988-07-26;25.8;23.0;31.2;24.4;32.4;19.2;-1;-1;-1;58;50;67;null;0;0;0;4;0.5;24;3.3;4;0.5;0;0;0;null;null;null;null;null;null;STRUNJAN - ZDRAVILIŠČE;2;45.5333337294868;13.6119778017753
466;1988-07-27;25.8;23.4;31.9;23.9;32.1;19.9;-1;-1;-1;79;51;69;null;0;1;1;8;0.5;24;3.3;8;0.5;0;0;0;null;null;null;null;null;null;STRUNJAN - ZDRAVILIŠČE;2;45.5333337294868;13.6119778017753
466;1988-07-28;27.6;25.0;31.0;27.2;31.2;20.5;-1;-1;-1;47;35;42;null;0;0;2;4;0.5;4;5.5;4;5.5;0;0;0;null;null;null;null;null;null;STRUNJAN - ZDRAVILIŠČE;2;45.5333337294868;13.6119778017753
466;1988-07-29;24.8;21.8;29.4;23.9;30.1;19.2;-1;-1;-1;76;57;74;null;0;1;4;4;0.5;24;3.3;8;0.5;0;0;0;null;null;null;null;null;null;STRUNJAN - ZDRAVILIŠČE;2;45.5333337294868;13.6119778017753
466;1988-07-30;24.5;24.6;26.8;23.2;27.4;21.5;0.0;-1;-1;52;50;60;null;9;9;0;6;7.9;4;7.9;4;7.9;0;0;0;null;null;null;null;null;null;STRUNJAN - ZDRAVILIŠČE;2;45.5333337294868;13.6119778017753
466;1988-07-31;25.7;21.8;29.5;25.7;29.5;19.5;-1;-1;-1;53;40;53;null;0;0;0;4;7.7;2;5.5;8;0.5;0;0;0;null;null;null;null;null;null;STRUNJAN - ZDRAVILIŠČE;2;45.5333337294868;13.6119778017753
466;1988-08-01;23.0;19.1;29.0;22.0;29.3;19.0;-1;-1;-1;74;49;76;null;0;0;2;16;0.5;24;3.3;8;0.5;0;0;0;null;null;null;null;null;null;STRUNJAN - ZDRAVILIŠČE;2;45.5333337294868;13.6119778017753
466;1988-08-02;24.7;21.6;29.1;24.1;31.1;17.9;-1;-1;-1;74;45;82;null;0;0;1;8;0.5;24;3.3;8;0.5;0;0;0;null;null;null;null;null;null;STRUNJAN - ZDRAVILIŠČE;2;45.5333337294868;13.6119778017753
466;1988-08-03;27.1;25.5;30.0;26.4;31.0;20.0;-1;-1;-1;54;52;79;null;5;2;5;16;3.3;18;7.9;8;0.5;0;0;0;null;null;null;null;null;null;STRUNJAN - ZDRAVILIŠČE;2;45.5333337294868;13.6119778017753
466;1988-08-04;21.5;22.2;24.1;19.8;26.4;19.8;0.0;-1;-1;57;52;60;null;10;3;9;8;7.7;4;7.7;4;7.7;0;0;0;null;null;null;null;null;null;STRUNJAN - ZDRAVILIŠČE;2;45.5333337294868;13.6119778017753
466;1988-08-05;22.6;19.2;24.9;23.2;26.5;18.8;0.0;-1;-1;67;45;56;null;3;0;0;2;5.4;4;7.9;4;3.3;0;0;0;null;null;null;null;null;null;STRUNJAN - ZDRAVILIŠČE;2;45.5333337294868;13.6119778017753
466;1988-08-06;24.4;20.0;28.0;24.7;28.2;15.2;-1;-1;-1;61;36;42;null;0;0;0;12;0.5;4;5.4;4;0.5;0;0;0;null;null;null;null;null;null;STRUNJAN - ZDRAVILIŠČE;2;45.5333337294868;13.6119778017753
466;1988-08-07;25.0;21.4;28.5;25.1;29.0;20.0;-1;-1;-1;55;59;62;null;0;0;3;4;5.4;24;5.4;4;3.3;0;0;0;null;null;null;null;null;null;STRUNJAN - ZDRAVILIŠČE;2;45.5333337294868;13.6119778017753
466;1988-08-08;24.2;24.0;28.6;22.0;29.0;21.3;-1;-1;-1;50;46;69;null;0;1;0;6;0.5;24;5.4;4;0.5;0;0;0;null;null;null;null;null;null;STRUNJAN - ZDRAVILIŠČE;2;45.5333337294868;13.6119778017753
466;1988-08-09;25.8;20.6;29.4;26.5;32.1;19.2;-1;-1;-1;77;61;48;null;2;2;8;8;0.5;24;3.3;4;5.4;0;0;0;null;null;null;null;null;null;STRUNJAN - ZDRAVILIŠČE;2;45.5333337294868;13.6119778017753
466;1988-08-10;23.8;20.1;30.5;22.2;30.7;18.1;-1;-1;-1;69;55;62;null;1;1;0;10;0.5;24;0.5;8;0.5;0;0;0;null;null;null;null;null;null;STRUNJAN - ZDRAVILIŠČE;2;45.5333337294868;13.6119778017753
466;1988-08-11;24.0;20.2;28.0;23.8;28.9;18.3;-1;-1;-1;85;72;70;null;0;0;0;8;0.5;24;0.5;8;0.5;0;0;0;null;null;null;null;null;null;STRUNJAN - ZDRAVILIŠČE;2;45.5333337294868;13.6119778017753
466;1988-08-12;24.5;21.0;29.7;23.6;30.5;19.0;-1;-1;-1;71;63;83;null;0;1;2;8;0.5;24;5.5;4;0.5;0;0;0;null;null;null;null;null;null;STRUNJAN - ZDRAVILIŠČE;2;45.5333337294868;13.6119778017753
466;1988-08-13;25.1;23.6;28.9;24.0;29.5;21.7;-1;-1;-1;76;66;82;null;0;1;0;0;0.0;24;3.3;8;0.5;0;0;0;null;null;null;null;null;null;STRUNJAN - ZDRAVILIŠČE;2;45.5333337294868;13.6119778017753
466;1988-08-14;26.2;22.0;32.2;25.2;32.2;20.5;-1;-1;-1;85;53;71;null;3;1;1;0;0.0;24;3.3;8;0.5;0;0;0;null;null;null;null;null;null;STRUNJAN - ZDRAVILIŠČE;2;45.5333337294868;13.6119778017753
466;1988-08-15;26.0;22.9;30.8;25.1;32.2;20.9;-1;-1;-1;92;65;71;null;0;2;4;8;0.5;24;3.3;8;0.5;0;0;0;null;null;null;null;null;null;STRUNJAN - ZDRAVILIŠČE;2;45.5333337294868;13.6119778017753
466;1988-08-16;26.2;22.5;32.0;25.1;32.0;21.4;-1;-1;-1;86;56;75;null;0;4;9;12;0.5;24;3.3;0;0.0;0;0;0;null;null;null;null;null;null;STRUNJAN - ZDRAVILIŠČE;2;45.5333337294868;13.6119778017753
466;1988-08-17;26.5;20.4;33.0;26.2;33.0;20.1;2.9;-1;-1;80;40;77;null;9;2;5;12;0.5;28;5.5;12;0.5;1;0;0;null;null;null;null;null;null;STRUNJAN - ZDRAVILIŠČE;2;45.5333337294868;13.6119778017753
466;1988-08-18;23.6;20.8;29.6;21.9;29.6;19.0;-1;-1;-1;78;53;75;null;0;0;6;8;0.5;24;5.5;8;0.5;0;0;0;null;null;null;null;null;null;STRUNJAN - ZDRAVILIŠČE;2;45.5333337294868;13.6119778017753
466;1988-08-19;22.6;18.9;29.5;21.0;30.0;17.6;-1;-1;-1;73;41;71;null;0;0;3;8;0.5;28;3.3;10;5.0;0;0;0;null;null;null;null;null;null;STRUNJAN - ZDRAVILIŠČE;2;45.5333337294868;13.6119778017753
466;1988-08-20;26.4;20.1;29.1;28.1;31.5;17.9;-1;-1;-1;62;56;45;null;0;4;4;14;0.5;20;5.5;16;5.5;0;0;0;null;null;null;null;null;null;STRUNJAN - ZDRAVILIŠČE;2;45.5333337294868;13.6119778017753
466;1988-08-21;23.6;24.8;25.4;22.1;28.1;20.1;1.8;-1;-1;73;61;76;null;9;7;10;18;5.5;4;5.5;4;0.5;1;0;0;null;null;null;null;null;null;STRUNJAN - ZDRAVILIŠČE;2;45.5333337294868;13.6119778017753
466;1988-08-22;18.0;19.6;18.0;17.2;23.8;17.1;28.6;-1;-1;79;91;88;null;9;10;10;10;0.5;10;5.5;4;3.3;2;2;2;null;null;null;null;null;null;STRUNJAN - ZDRAVILIŠČE;2;45.5333337294868;13.6119778017753
466;1988-08-23;18.5;16.9;20.4;18.3;22.0;16.6;41.2;-1;-1;81;56;79;null;10;9;9;4;3.3;4;3.3;4;0.5;2;1;1;null;null;null;null;null;null;STRUNJAN - ZDRAVILIŠČE;2;45.5333337294868;13.6119778017753
466;1988-08-24;19.6;17.4;23.6;18.6;24.0;16.2;0.3;-1;-1;77;60;81;null;10;7;9;8;0.5;32;3.3;8;0.5;1;1;1;null;null;null;null;null;null;STRUNJAN - ZDRAVILIŠČE;2;45.5333337294868;13.6119778017753
466;1988-08-25;18.7;17.4;23.9;16.8;24.2;16.8;10.8;-1;-1;86;57;89;null;9;4;10;16;0.5;16;0.5;2;7.5;1;1;2;null;null;null;null;null;null;STRUNJAN - ZDRAVILIŠČE;2;45.5333337294868;13.6119778017753
466;1988-08-26;16.3;12.4;22.5;15.2;22.6;10.9;23.0;-1;-1;87;43;79;null;1;5;0;8;0.5;28;3.3;8;3.3;2;1;1;null;null;null;null;null;null;STRUNJAN - ZDRAVILIŠČE;2;45.5333337294868;13.6119778017753
466;1988-08-27;19.0;15.7;24.4;18.0;24.4;13.3;-1;-1;-1;82;44;82;null;9;5;6;8;0.5;30;3.3;6;0.5;1;0;0;null;null;null;null;null;null;STRUNJAN - ZDRAVILIŠČE;2;45.5333337294868;13.6119778017753
466;1988-08-28;19.9;15.1;25.4;19.6;25.4;15.0;-1;-1;-1;95;60;87;null;1;0;5;0;0.0;24;5.5;4;0.5;0;0;0;null;null;null;null;null;null;STRUNJAN - ZDRAVILIŠČE;2;45.5333337294868;13.6119778017753
466;1988-08-29;21.5;17.2;23.1;22.9;25.0;16.3;-1;-1;-1;87;76;74;null;3;10;8;0;0.0;12;0.5;16;3.3;0;0;0;null;null;null;null;null;null;STRUNJAN - ZDRAVILIŠČE;2;45.5333337294868;13.6119778017753
466;1988-08-30;22.3;19.2;25.8;22.0;25.8;16.8;22.3;-1;-1;90;48;61;null;3;3;2;12;0.5;2;3.3;4;3.3;2;1;1;null;null;null;null;null;null;STRUNJAN - ZDRAVILIŠČE;2;45.5333337294868;13.6119778017753
466;1988-08-31;20.7;16.6;26.6;19.8;26.6;16.0;0.0;-1;-1;89;60;88;null;0;1;7;6;0.5;28;5.5;4;0.5;0;0;0;null;null;null;null;null;null;STRUNJAN - ZDRAVILIŠČE;2;45.5333337294868;13.6119778017753
466;1988-09-01;20.8;17.1;26.3;19.9;26.7;16.8;-1;-1;-1;98;70;84;null;3;0;2;4;0.5;28;3.3;8;0.5;0;0;0;null;null;null;null;null;null;STRUNJAN - ZDRAVILIŠČE;2;45.5333337294868;13.6119778017753
466;1988-09-02;21.0;23.9;22.1;19.0;26.8;18.6;-1;-1;-1;73;75;72;null;9;10;10;10;5.5;16;5.5;6;3.3;0;1;0;null;null;null;null;null;null;STRUNJAN - ZDRAVILIŠČE;2;45.5333337294868;13.6119778017753
466;1988-09-03;20.5;14.9;24.5;21.2;25.1;13.6;1.0;-1;-1;83;53;68;null;0;3;0;4;0.5;20;3.3;4;0.5;0;0;0;null;null;null;null;null;null;STRUNJAN - ZDRAVILIŠČE;2;45.5333337294868;13.6119778017753
466;1988-09-04;20.7;19.1;25.6;19.0;25.6;16.2;-1;-1;-1;82;63;92;null;0;2;0;10;0.5;24;3.3;8;0.5;0;0;0;null;null;null;null;null;null;STRUNJAN - ZDRAVILIŠČE;2;45.5333337294868;13.6119778017753
466;1988-09-05;21.3;19.0;26.0;20.1;27.2;17.0;-1;-1;-1;95;67;88;null;0;1;0;0;0.0;24;0.5;8;0.5;0;0;0;null;null;null;null;null;null;STRUNJAN - ZDRAVILIŠČE;2;45.5333337294868;13.6119778017753
466;1988-09-06;22.9;19.0;26.5;23.0;26.5;18.4;-1;-1;-1;99;70;69;null;6;9;10;12;0.5;28;0.5;4;0.5;0;0;0;null;null;null;null;null;null;STRUNJAN - ZDRAVILIŠČE;2;45.5333337294868;13.6119778017753
466;1988-09-07;19.3;20.3;24.6;16.2;24.8;16.2;-1;-1;-1;46;39;70;null;1;1;0;4;5.5;4;5.5;0;0.0;0;0;0;null;null;null;null;null;null;STRUNJAN - ZDRAVILIŠČE;2;45.5333337294868;13.6119778017753
466;1988-09-08;17.6;13.8;24.0;16.3;24.5;12.3;-1;-1;-1;72;48;72;null;0;4;0;6;3.3;28;3.3;8;0.5;0;0;0;null;null;null;null;null;null;STRUNJAN - ZDRAVILIŠČE;2;45.5333337294868;13.6119778017753
466;1988-09-09;16.9;12.1;23.1;16.2;24.0;12.1;-1;-1;-1;82;57;91;null;3;1;0;10;0.5;20;3.3;8;0.5;0;0;0;null;null;null;null;null;null;STRUNJAN - ZDRAVILIŠČE;2;45.5333337294868;13.6119778017753
466;1988-09-10;17.5;11.6;23.9;17.3;24.4;10.3;-1;-1;-1;86;62;89;null;9;4;0;12;0.5;32;0.5;8;0.5;0;0;0;null;null;null;null;null;null;STRUNJAN - ZDRAVILIŠČE;2;45.5333337294868;13.6119778017753
466;1988-09-11;19.7;17.9;24.9;17.9;24.9;15.6;-1;-1;-1;91;57;92;null;9;0;7;0;0.0;24;3.3;4;0.5;0;0;0;null;null;null;null;null;null;STRUNJAN - ZDRAVILIŠČE;2;45.5333337294868;13.6119778017753
466;1988-09-12;20.6;16.3;24.0;21.0;24.0;16.2;-1;-1;-1;96;70;68;null;10;10;8;8;0.5;32;0.5;16;5.5;0;0;0;null;null;null;null;null;null;STRUNJAN - ZDRAVILIŠČE;2;45.5333337294868;13.6119778017753
466;1988-09-13;21.9;21.0;23.6;21.5;24.1;17.1;-1;-1;-1;76;66;74;null;10;9;10;18;5.5;16;7.9;10;7.9;0;1;0;null;null;null;null;null;null;STRUNJAN - ZDRAVILIŠČE;2;45.5333337294868;13.6119778017753
466;1988-09-14;15.0;13.8;18.1;14.1;21.6;13.2;4.4;-1;-1;75;66;70;null;10;10;10;2;8.0;6;7.9;4;7.9;2;1;1;null;null;null;null;null;null;STRUNJAN - ZDRAVILIŠČE;2;45.5333337294868;13.6119778017753
466;1988-09-15;13.3;11.9;14.4;13.4;19.2;11.8;16.3;-1;-1;80;71;83;null;10;10;10;2;7.9;6;7.9;4;3.3;2;2;1;null;null;null;null;null;null;STRUNJAN - ZDRAVILIŠČE;2;45.5333337294868;13.6119778017753
466;1988-09-16;15.2;13.9;20.4;13.2;21.0;13.1;9.8;-1;-1;71;49;86;null;1;2;9;6;3.3;6;5.4;4;0.5;1;1;1;null;null;null;null;null;null;STRUNJAN - ZDRAVILIŠČE;2;45.5333337294868;13.6119778017753
466;1988-09-17;17.4;15.9;19.9;16.8;20.0;12.8;-1;-1;-1;58;46;64;null;3;7;10;4;7.9;4;7.9;4;7.9;1;0;0;null;null;null;null;null;null;STRUNJAN - ZDRAVILIŠČE;2;45.5333337294868;13.6119778017753
466;1988-09-18;18.0;14.2;21.0;18.4;22.1;12.8;-1;-1;-1;70;52;70;null;7;6;7;4;0.5;24;3.3;10;0.5;0;0;0;null;null;null;null;null;null;STRUNJAN - ZDRAVILIŠČE;2;45.5333337294868;13.6119778017753
466;1988-09-19;16.5;15.0;21.5;14.8;22.4;14.4;-1;-1;-1;84;61;87;null;9;9;2;10;0.5;20;3.3;8;0.5;0;0;0;null;null;null;null;null;null;STRUNJAN - ZDRAVILIŠČE;2;45.5333337294868;13.6119778017753
466;1988-09-20;15.9;12.9;20.4;15.1;21.0;12.6;-1;-1;-1;89;58;91;null;4;10;9;6;0.5;4;0.5;4;0.5;0;0;0;null;null;null;null;null;null;STRUNJAN - ZDRAVILIŠČE;2;45.5333337294868;13.6119778017753
466;1988-09-21;15.3;12.1;20.9;14.1;21.0;11.6;-1;-1;-1;93;61;93;null;1;1;1;10;0.5;24;0.5;8;0.5;0;0;0;null;null;null;null;null;null;STRUNJAN - ZDRAVILIŠČE;2;45.5333337294868;13.6119778017753
466;1988-09-22;15.7;11.1;22.6;14.5;22.9;11.1;-1;-1;-1;98;56;90;null;0;0;0;10;3.3;20;3.3;8;0.5;0;0;0;null;null;null;null;null;null;STRUNJAN - ZDRAVILIŠČE;2;45.5333337294868;13.6119778017753
466;1988-09-23;17.8;12.7;21.4;18.5;22.0;12.1;-1;-1;-1;87;68;78;null;0;8;3;8;0.5;18;5.4;4;0.5;0;0;0;null;null;null;null;null;null;STRUNJAN - ZDRAVILIŠČE;2;45.5333337294868;13.6119778017753
466;1988-09-24;19.0;15.9;22.9;18.5;23.0;15.8;-1;-1;-1;92;71;94;null;3;1;0;8;0.5;20;0.5;24;3.3;0;0;0;null;null;null;null;null;null;STRUNJAN - ZDRAVILIŠČE;2;45.5333337294868;13.6119778017753
466;1988-09-25;18.6;15.9;22.1;18.1;22.1;13.6;-1;-1;-1;96;75;97;null;2;1;0;10;0.5;20;0.5;8;0.5;0;0;0;null;null;null;null;null;null;STRUNJAN - ZDRAVILIŠČE;2;45.5333337294868;13.6119778017753
466;1988-09-26;17.5;14.4;23.1;16.2;23.1;14.4;-1;-1;-1;96;74;95;null;0;0;0;12;0.5;24;3.3;8;0.5;0;0;0;null;null;null;null;null;null;STRUNJAN - ZDRAVILIŠČE;2;45.5333337294868;13.6119778017753
466;1988-09-27;17.2;14.6;23.5;15.3;24.0;13.6;-1;-1;-1;95;57;95;null;0;0;8;10;0.5;24;0.5;4;0.5;0;0;0;null;null;null;null;null;null;STRUNJAN - ZDRAVILIŠČE;2;45.5333337294868;13.6119778017753
466;1988-09-28;16.7;14.8;21.8;15.1;22.6;14.0;-1;-1;-1;93;86;99;null;0;10;10;8;0.5;28;3.3;8;0.5;0;0;0;null;null;null;null;null;null;STRUNJAN - ZDRAVILIŠČE;2;45.5333337294868;13.6119778017753
466;1988-09-29;16.4;13.4;22.1;15.1;22.1;13.0;-1;-1;-1;95;72;96;null;0;0;5;8;0.5;28;0.5;4;0.5;0;0;0;null;null;null;null;null;null;STRUNJAN - ZDRAVILIŠČE;2;45.5333337294868;13.6119778017753
466;1988-09-30;17.7;14.8;23.0;16.4;23.5;13.6;-1;-1;-1;85;67;88;null;2;6;5;10;0.5;28;0.5;6;0.5;0;0;0;null;null;null;null;null;null;STRUNJAN - ZDRAVILIŠČE;2;45.5333337294868;13.6119778017753
466;1988-10-01;20.3;15.4;25.3;20.2;25.8;15.4;-1;-1;-1;94;49;66;null;0;0;8;8;0.5;4;0.5;4;3.3;0;0;0;null;null;null;null;null;null;STRUNJAN - ZDRAVILIŠČE;2;45.5333337294868;13.6119778017753
466;1988-10-02;18.8;15.9;23.1;18.0;23.9;14.5;-1;-1;-1;73;61;65;null;0;0;8;6;3.3;4;5.4;4;0.5;0;0;0;null;null;null;null;null;null;STRUNJAN - ZDRAVILIŠČE;2;45.5333337294868;13.6119778017753
466;1988-10-03;17.0;12.9;22.1;16.5;22.4;12.1;-1;-1;-1;89;53;43;null;2;1;0;6;3.5;4;5.5;4;5.5;0;0;0;null;null;null;null;null;null;STRUNJAN - ZDRAVILIŠČE;2;45.5333337294868;13.6119778017753
466;1988-10-04;16.0;13.4;20.8;14.8;21.0;9.4;-1;-1;-1;67;50;67;null;0;1;7;6;0.5;4;5.5;10;0.5;0;0;0;null;null;null;null;null;null;STRUNJAN - ZDRAVILIŠČE;2;45.5333337294868;13.6119778017753
466;1988-10-05;16.5;12.8;19.1;17.1;19.1;12.0;4.6;-1;-1;97;57;78;null;7;9;10;8;0.5;20;0.5;8;0.5;2;1;1;null;null;null;null;null;null;STRUNJAN - ZDRAVILIŠČE;2;45.5333337294868;13.6119778017753
466;1988-10-06;18.8;17.4;18.4;19.6;19.6;15.7;62.2;-1;-1;85;70;62;null;10;10;10;16;5.5;8;3.5;8;3.5;2;1;1;null;null;null;null;null;null;STRUNJAN - ZDRAVILIŠČE;2;45.5333337294868;13.6119778017753
466;1988-10-07;19.1;17.4;20.4;19.2;21.5;13.5;-1;-1;-1;78;74;88;null;10;10;0;16;5.5;16;5.5;16;0.5;1;1;0;null;null;null;null;null;null;STRUNJAN - ZDRAVILIŠČE;2;45.5333337294868;13.6119778017753
466;1988-10-08;13.2;17.9;16.9;9.0;20.0;8.9;0.3;-1;-1;75;40;86;null;8;0;0;20;5.5;4;7.9;4;0.5;0;0;0;null;null;null;null;null;null;STRUNJAN - ZDRAVILIŠČE;2;45.5333337294868;13.6119778017753
466;1988-10-09;16.0;10.1;20.9;16.5;20.9;7.6;-1;-1;-1;72;46;63;null;0;1;0;4;0.5;20;3.5;16;0.5;0;0;0;null;null;null;null;null;null;STRUNJAN - ZDRAVILIŠČE;2;45.5333337294868;13.6119778017753
466;1988-10-10;18.5;18.0;19.9;18.0;21.0;16.3;-1;-1;-1;82;68;82;null;10;10;10;16;3.3;18;5.5;0;0.0;0;0;0;null;null;null;null;null;null;STRUNJAN - ZDRAVILIŠČE;2;45.5333337294868;13.6119778017753
466;1988-10-11;16.5;15.4;20.5;15.0;21.0;15.0;-1;-1;-1;94;70;94;null;8;5;9;8;0.5;28;3.3;4;0.5;0;0;0;null;null;null;null;null;null;STRUNJAN - ZDRAVILIŠČE;2;45.5333337294868;13.6119778017753
466;1988-10-12;18.4;15.1;22.1;18.1;23.1;12.8;-1;-1;-1;87;63;92;null;9;10;10;8;0.5;16;5.5;0;0.0;0;0;0;null;null;null;null;null;null;STRUNJAN - ZDRAVILIŠČE;2;45.5333337294868;13.6119778017753
466;1988-10-13;18.1;19.5;20.9;15.9;22.5;15.9;0.0;-1;-1;85;80;92;null;10;8;5;16;3.3;28;0.5;0;0.0;0;0;0;null;null;null;null;null;null;STRUNJAN - ZDRAVILIŠČE;2;45.5333337294868;13.6119778017753
466;1988-10-14;17.5;15.5;21.9;16.2;22.0;15.5;-1;-1;-1;93;75;97;null;7;8;8;0;0.0;24;0.5;8;0.5;0;0;0;null;null;null;null;null;null;STRUNJAN - ZDRAVILIŠČE;2;45.5333337294868;13.6119778017753
466;1988-10-15;17.2;15.0;21.0;16.3;21.6;14.1;-1;-1;-1;98;80;96;null;0;8;2;8;0.5;0;0.0;0;0.0;0;0;0;null;null;null;null;null;null;STRUNJAN - ZDRAVILIŠČE;2;45.5333337294868;13.6119778017753
466;1988-10-16;17.2;15.4;20.9;16.3;20.9;13.6;-1;-1;-1;99;82;94;null;10;0;0;8;0.5;24;0.5;0;0.0;0;0;0;null;null;null;null;null;null;STRUNJAN - ZDRAVILIŠČE;2;45.5333337294868;13.6119778017753
466;1988-10-17;16.1;14.0;20.1;15.1;20.1;14.0;-1;-1;-1;95;81;97;null;0;0;8;8;0.5;24;0.5;4;0.5;0;0;0;null;null;null;null;null;null;STRUNJAN - ZDRAVILIŠČE;2;45.5333337294868;13.6119778017753
466;1988-10-18;16.8;17.0;17.4;16.3;18.3;14.5;-1;-1;-1;95;91;94;null;10;10;10;0;0.0;6;0.5;8;0.5;0;0;0;null;null;null;null;null;null;STRUNJAN - ZDRAVILIŠČE;2;45.5333337294868;13.6119778017753
466;1988-10-19;19.0;18.1;18.6;19.6;19.8;16.0;-1;-1;-1;89;95;80;null;10;10;10;16;0.9;8;0.9;16;2.4;0;1;1;null;null;null;null;null;null;STRUNJAN - ZDRAVILIŠČE;2;45.5333337294868;13.6119778017753
466;1988-10-20;18.7;19.1;21.6;17.1;21.6;17.1;2.4;-1;-1;86;70;95;null;10;8;10;10;0.5;16;3.3;0;0.0;1;1;0;null;null;null;null;null;null;STRUNJAN - ZDRAVILIŠČE;2;45.5333337294868;13.6119778017753
466;1988-10-21;14.8;15.3;16.1;13.8;17.4;13.8;4.0;-1;-1;63;56;62;null;10;8;5;4;5.5;4;7.9;4;10.7;1;1;1;null;null;null;null;null;null;STRUNJAN - ZDRAVILIŠČE;2;45.5333337294868;13.6119778017753
466;1988-10-22;14.8;14.2;17.0;13.9;17.0;13.6;2.4;-1;-1;63;53;68;null;8;6;0;4;7.9;4;10.7;4;10.7;0;0;0;null;null;null;null;null;null;STRUNJAN - ZDRAVILIŠČE;2;45.5333337294868;13.6119778017753
466;1988-10-23;13.8;10.4;17.1;13.8;18.5;9.0;-1;-1;-1;78;68;93;null;0;8;9;4;0.5;24;0.5;4;0.5;0;0;0;null;null;null;null;null;null;STRUNJAN - ZDRAVILIŠČE;2;45.5333337294868;13.6119778017753
466;1988-10-24;13.6;12.9;17.4;12.1;18.0;12.0;-1;-1;-1;91;68;97;null;9;9;7;10;0.5;20;0.5;0;0.0;0;0;0;null;null;null;null;null;null;STRUNJAN - ZDRAVILIŠČE;2;45.5333337294868;13.6119778017753
466;1988-10-25;14.4;9.8;17.9;14.9;18.0;9.4;-1;-1;-1;95;76;62;null;1;9;0;10;0.5;24;0.5;4;5.4;0;0;0;null;null;null;null;null;null;STRUNJAN - ZDRAVILIŠČE;2;45.5333337294868;13.6119778017753
466;1988-10-26;11.0;13.2;14.9;7.9;16.0;7.9;-1;-1;-1;66;57;88;null;7;2;0;4;5.4;4;7.9;0;0.0;0;0;0;null;null;null;null;null;null;STRUNJAN - ZDRAVILIŠČE;2;45.5333337294868;13.6119778017753
466;1988-10-27;10.8;8.2;15.4;9.8;17.0;6.8;-1;-1;-1;99;62;84;null;4;9;10;4;0.5;0;0.0;4;0.5;0;0;0;null;null;null;null;null;null;STRUNJAN - ZDRAVILIŠČE;2;45.5333337294868;13.6119778017753
466;1988-10-28;14.1;12.0;16.6;13.9;17.0;9.3;-1;-1;-1;90;58;78;null;10;6;10;10;0.5;32;0.5;4;0.5;0;0;0;null;null;null;null;null;null;STRUNJAN - ZDRAVILIŠČE;2;45.5333337294868;13.6119778017753
466;1988-10-29;14.9;12.9;16.6;15.0;17.0;12.8;-1;-1;-1;82;73;83;null;0;9;10;0;0.0;16;0.5;8;0.5;0;0;0;null;null;null;null;null;null;STRUNJAN - ZDRAVILIŠČE;2;45.5333337294868;13.6119778017753
466;1988-10-30;9.9;10.3;11.4;8.9;15.7;8.9;-1;-1;-1;57;45;51;null;4;3;8;4;5.4;4;7.9;4;5.4;0;0;0;null;null;null;null;null;null;STRUNJAN - ZDRAVILIŠČE;2;45.5333337294868;13.6119778017753
466;1988-10-31;8.0;8.9;10.6;6.3;10.8;3.5;-1;-1;-1;47;50;54;null;8;0;3;4;7.9;4;7.9;4;5.9;0;0;0;null;null;null;null;null;null;STRUNJAN - ZDRAVILIŠČE;2;45.5333337294868;13.6119778017753
466;1988-11-01;6.7;3.1;13.1;5.3;13.5;2.1;-1;-1;-1;91;48;93;null;0;0;0;4;0.5;0;0.0;4;0.5;0;0;0;null;null;null;null;null;null;STRUNJAN - ZDRAVILIŠČE;2;45.5333337294868;13.6119778017753
466;1988-11-02;9.9;7.0;12.4;10.0;12.4;2.0;-1;-1;-1;93;54;89;null;8;9;10;4;0.5;24;0.5;0;0.0;0;0;0;null;null;null;null;null;null;STRUNJAN - ZDRAVILIŠČE;2;45.5333337294868;13.6119778017753
466;1988-11-03;9.5;11.9;11.9;7.0;12.4;7.0;-1;-1;-1;60;43;49;null;10;0;0;4;7.9;4;7.9;4;10.7;0;0;0;null;null;null;null;null;null;STRUNJAN - ZDRAVILIŠČE;2;45.5333337294868;13.6119778017753
466;1988-11-04;4.9;4.9;6.1;4.2;7.9;3.9;-1;-1;-1;52;51;52;null;0;2;0;4;10.7;4;10.7;4;10.7;0;0;0;null;null;null;null;null;null;STRUNJAN - ZDRAVILIŠČE;2;45.5333337294868;13.6119778017753
466;1988-11-05;5.5;3.8;7.9;5.1;7.9;1.5;-1;-1;-1;54;41;51;null;0;0;0;4;10.7;4;7.8;4;7.8;0;0;0;null;null;null;null;null;null;STRUNJAN - ZDRAVILIŠČE;2;45.5333337294868;13.6119778017753
466;1988-11-06;4.1;-1.2;11.0;3.2;11.0;-2.0;-1;-1;-1;85;36;92;null;0;0;0;4;3.3;32;5.4;4;0.5;0;0;0;null;null;null;null;null;null;STRUNJAN - ZDRAVILIŠČE;2;45.5333337294868;13.6119778017753
466;1988-11-07;5.3;1.2;11.1;4.4;11.1;-1.4;-1;-1;-1;95;64;96;null;5;0;3;8;0.5;28;3.3;4;0.5;0;0;0;null;null;null;null;null;null;STRUNJAN - ZDRAVILIŠČE;2;45.5333337294868;13.6119778017753
466;1988-11-08;6.1;2.9;12.5;4.4;12.5;2.0;-1;-1;-1;97;58;91;null;0;0;10;8;0.5;30;3.3;4;0.5;0;0;0;null;null;null;null;null;null;STRUNJAN - ZDRAVILIŠČE;2;45.5333337294868;13.6119778017753
466;1988-11-09;7.2;3.8;12.0;6.5;12.6;2.9;-1;-1;-1;83;59;65;null;7;2;0;8;0.5;6;0.5;8;0.5;0;0;0;null;null;null;null;null;null;STRUNJAN - ZDRAVILIŠČE;2;45.5333337294868;13.6119778017753
466;1988-11-10;6.3;4.1;12.9;4.0;12.9;2.0;-1;-1;-1;86;55;97;null;8;1;0;6;3.3;32;0.5;4;0.5;0;0;0;null;null;null;null;null;null;STRUNJAN - ZDRAVILIŠČE;2;45.5333337294868;13.6119778017753
466;1988-11-11;6.5;3.0;13.1;5.0;13.2;2.6;-1;-1;-1;87;53;97;null;0;0;0;4;0.5;0;0.0;4;0.5;0;0;0;null;null;null;null;null;null;STRUNJAN - ZDRAVILIŠČE;2;45.5333337294868;13.6119778017753
466;1988-11-12;9.0;3.5;13.9;9.3;13.9;2.4;-1;-1;-1;92;64;93;null;0;0;0;6;3.3;24;0.5;0;0.0;0;0;0;null;null;null;null;null;null;STRUNJAN - ZDRAVILIŠČE;2;45.5333337294868;13.6119778017753
466;1988-11-13;10.9;10.0;13.5;10.1;13.6;9.3;-1;-1;-1;87;67;88;null;10;10;10;10;5.0;28;3.3;0;0.0;0;0;1;null;null;null;null;null;null;STRUNJAN - ZDRAVILIŠČE;2;45.5333337294868;13.6119778017753
466;1988-11-14;7.7;7.4;13.0;5.2;13.0;5.2;0.0;-1;-1;96;80;96;null;9;10;0;6;5.0;32;5.0;0;0.0;1;1;0;null;null;null;null;null;null;STRUNJAN - ZDRAVILIŠČE;2;45.5333337294868;13.6119778017753
466;1988-11-15;9.2;7.5;12.9;8.1;12.9;4.6;-1;-1;-1;92;71;92;null;10;10;0;8;0.5;16;0.5;8;0.5;0;0;0;null;null;null;null;null;null;STRUNJAN - ZDRAVILIŠČE;2;45.5333337294868;13.6119778017753
466;1988-11-16;8.3;8.6;12.6;6.0;12.6;6.0;-1;-1;-1;90;67;99;null;10;9;0;8;0.5;24;0.5;8;0.5;0;0;0;null;null;null;null;null;null;STRUNJAN - ZDRAVILIŠČE;2;45.5333337294868;13.6119778017753
466;1988-11-17;7.6;7.5;11.9;5.4;12.4;4.9;-1;-1;-1;86;65;96;null;10;9;8;8;0.5;24;0.5;12;0.5;0;0;0;null;null;null;null;null;null;STRUNJAN - ZDRAVILIŠČE;2;45.5333337294868;13.6119778017753
466;1988-11-18;9.8;8.2;11.0;9.9;12.5;4.6;-1;-1;-1;96;74;92;null;10;10;10;0;0.0;0;0.0;0;0.0;0;0;0;null;null;null;null;null;null;STRUNJAN - ZDRAVILIŠČE;2;45.5333337294868;13.6119778017753
466;1988-11-19;9.3;6.7;11.9;9.3;12.0;6.6;-1;-1;-1;96;67;82;null;10;1;9;4;0.5;28;0.5;0;0.0;0;0;0;null;null;null;null;null;null;STRUNJAN - ZDRAVILIŠČE;2;45.5333337294868;13.6119778017753
466;1988-11-20;7.2;6.0;8.9;6.9;9.6;5.4;-1;-1;-1;59;48;66;null;7;10;10;4;0.5;20;0.5;4;1.0;0;0;1;null;null;null;null;null;null;STRUNJAN - ZDRAVILIŠČE;2;45.5333337294868;13.6119778017753
466;1988-11-21;5.7;5.0;5.4;6.2;6.9;4.2;4.6;-1;-1;84;82;64;null;10;10;10;10;3.3;4;7.9;4;5.4;1;2;2;null;null;null;null;null;null;STRUNJAN - ZDRAVILIŠČE;2;45.5333337294868;13.6119778017753
466;1988-11-22;3.4;4.9;4.4;2.2;6.2;2.1;3.8;-1;-1;48;38;49;null;7;7;0;4;20.7;4;13.8;4;17.1;0;0;0;null;null;null;null;null;null;STRUNJAN - ZDRAVILIŠČE;2;45.5333337294868;13.6119778017753
466;1988-11-23;1.3;0.1;2.9;1.1;3.4;-0.5;-1;-1;-1;38;34;33;null;1;1;0;4;13.8;4;13.8;4;10.7;0;0;0;null;null;null;null;null;null;STRUNJAN - ZDRAVILIŠČE;2;45.5333337294868;13.6119778017753
466;1988-11-24;3.9;1.9;6.1;3.8;6.1;0.4;-1;-1;-1;49;46;59;null;0;0;4;4;13.8;4;7.9;4;5.4;0;0;0;null;null;null;null;null;null;STRUNJAN - ZDRAVILIŠČE;2;45.5333337294868;13.6119778017753
466;1988-11-25;4.9;3.1;8.8;3.8;8.9;0.6;-1;-1;-1;71;50;80;null;4;6;9;6;3.3;4;3.3;4;0.5;0;0;0;null;null;null;null;null;null;STRUNJAN - ZDRAVILIŠČE;2;45.5333337294868;13.6119778017753
466;1988-11-26;6.9;2.4;11.6;6.8;11.6;1.5;-1;-1;-1;85;51;75;null;1;0;0;10;3.3;4;5.4;4;0.5;0;0;0;null;null;null;null;null;null;STRUNJAN - ZDRAVILIŠČE;2;45.5333337294868;13.6119778017753
466;1988-11-27;4.4;1.5;11.5;2.2;11.5;0.0;-1;-1;-1;88;49;82;null;0;0;0;8;0.5;4;3.3;0;0.0;0;0;0;null;null;null;null;null;null;STRUNJAN - ZDRAVILIŠČE;2;45.5333337294868;13.6119778017753
466;1988-11-28;6.7;0.2;11.6;7.4;11.6;-0.3;-1;-1;-1;82;56;74;null;1;1;5;8;0.5;20;0.5;0;0.0;0;0;0;null;null;null;null;null;null;STRUNJAN - ZDRAVILIŠČE;2;45.5333337294868;13.6119778017753
466;1988-11-29;8.3;7.9;9.1;8.1;9.2;7.0;-1;-1;-1;85;76;88;null;10;10;10;16;0.5;12;0.5;12;0.5;0;0;0;null;null;null;null;null;null;STRUNJAN - ZDRAVILIŠČE;2;45.5333337294868;13.6119778017753
466;1988-11-30;8.2;5.9;8.6;9.1;9.6;4.9;-1;-1;-1;99;97;96;null;10;10;10;0;0.0;0;0.0;0;0.0;1;1;1;null;null;null;null;null;null;STRUNJAN - ZDRAVILIŠČE;2;45.5333337294868;13.6119778017753
466;1988-12-01;14.1;11.9;16.1;14.2;16.2;8.8;1.2;-1;-1;90;69;76;null;10;8;10;0;0.0;16;5.4;16;5.4;1;1;1;null;null;null;null;null;null;STRUNJAN - ZDRAVILIŠČE;2;45.5333337294868;13.6119778017753
466;1988-12-02;10.7;11.1;9.5;11.0;14.9;7.0;-1;-1;-1;85;91;90;null;10;10;10;10;5.4;4;5.4;12;0.5;1;2;2;null;null;null;null;null;null;STRUNJAN - ZDRAVILIŠČE;2;45.5333337294868;13.6119778017753
466;1988-12-03;9.9;10.2;9.3;10.1;11.4;8.5;22.0;-1;-1;92;96;78;null;10;10;10;4;3.3;10;0.5;4;0.5;1;2;2;null;null;null;null;null;null;STRUNJAN - ZDRAVILIŠČE;2;45.5333337294868;13.6119778017753
466;1988-12-04;8.8;5.3;11.5;9.2;12.0;5.2;7.0;-1;-1;94;75;86;null;4;10;10;0;0.0;32;0.5;4;0.5;1;1;1;null;null;null;null;null;null;STRUNJAN - ZDRAVILIŠČE;2;45.5333337294868;13.6119778017753
466;1988-12-05;9.3;9.2;10.4;8.8;12.0;5.1;-1;-1;-1;97;81;92;null;10;10;10;0;0.0;32;3.3;4;0.5;1;1;1;null;null;null;null;null;null;STRUNJAN - ZDRAVILIŠČE;2;45.5333337294868;13.6119778017753
466;1988-12-06;10.1;10.0;13.2;8.6;13.2;4.9;0.3;-1;-1;94;38;61;null;6;2;10;32;0.5;4;5.4;32;5.4;1;1;1;null;null;null;null;null;null;STRUNJAN - ZDRAVILIŠČE;2;45.5333337294868;13.6119778017753
466;1988-12-07;7.3;2.9;10.1;8.0;10.4;2.0;0.0;-1;-1;87;53;91;null;6;3;0;4;3.3;28;3.3;0;0.0;1;1;1;null;null;null;null;null;null;STRUNJAN - ZDRAVILIŠČE;2;45.5333337294868;13.6119778017753
466;1988-12-08;5.5;2.4;9.2;5.1;9.2;0.0;-1;-1;-1;82;38;62;null;8;0;0;6;3.3;4;5.4;4;5.4;0;0;0;null;null;null;null;null;null;STRUNJAN - ZDRAVILIŠČE;2;45.5333337294868;13.6119778017753
466;1988-12-09;7.2;3.8;8.6;8.1;8.9;0.5;-1;-1;-1;61;56;61;null;7;6;0;4;0.5;32;5.4;4;0.5;0;0;0;null;null;null;null;null;null;STRUNJAN - ZDRAVILIŠČE;2;45.5333337294868;13.6119778017753
466;1988-12-10;4.5;5.9;8.1;2.0;9.4;1.9;-1;-1;-1;63;67;98;null;0;9;6;4;5.4;32;5.4;4;0.5;0;0;0;null;null;null;null;null;null;STRUNJAN - ZDRAVILIŠČE;2;45.5333337294868;13.6119778017753
466;1988-12-11;3.3;1.0;9.0;1.6;9.4;0.6;-1;-1;-1;97;65;97;null;0;0;0;8;0.5;28;3.3;0;0.0;0;0;0;null;null;null;null;null;null;STRUNJAN - ZDRAVILIŠČE;2;45.5333337294868;13.6119778017753
466;1988-12-12;7.5;1.4;10.0;9.2;10.5;1.2;-1;-1;-1;97;88;65;null;0;0;0;4;0.5;0;0.0;4;0.5;0;0;0;null;null;null;null;null;null;STRUNJAN - ZDRAVILIŠČE;2;45.5333337294868;13.6119778017753
466;1988-12-13;6.1;6.2;12.1;3.0;12.5;3.0;-1;-1;-1;62;55;66;null;0;0;0;0;0.0;24;3.3;32;0.5;0;0;0;null;null;null;null;null;null;STRUNJAN - ZDRAVILIŠČE;2;45.5333337294868;13.6119778017753
466;1988-12-14;5.3;1.8;10.5;4.4;13.0;1.5;-1;-1;-1;95;48;82;null;2;3;5;0;0.0;0;0.0;0;0.0;0;0;0;null;null;null;null;null;null;STRUNJAN - ZDRAVILIŠČE;2;45.5333337294868;13.6119778017753
466;1988-12-15;4.2;6.0;6.4;2.2;6.4;1.2;-1;-1;-1;51;40;37;null;9;6;4;4;7.3;4;7.9;4;10.7;0;0;0;null;null;null;null;null;null;STRUNJAN - ZDRAVILIŠČE;2;45.5333337294868;13.6119778017753
466;1988-12-16;1.2;3.2;1.0;0.2;4.1;0.2;-1;-1;-1;37;45;40;null;2;0;0;4;10.7;4;10.7;4;13.8;0;0;0;null;null;null;null;null;null;STRUNJAN - ZDRAVILIŠČE;2;45.5333337294868;13.6119778017753
466;1988-12-17;3.5;0.4;5.2;4.1;5.9;-1.7;-1;-1;-1;37;30;34;null;9;0;0;4;13.8;4;10.7;4;5.4;0;0;0;null;null;null;null;null;null;STRUNJAN - ZDRAVILIŠČE;2;45.5333337294868;13.6119778017753
466;1988-12-18;2.2;2.2;8.2;-0.8;9.5;-2.0;-1;-1;-1;51;36;76;null;2;0;0;10;3.3;4;3.3;4;0.5;0;0;0;null;null;null;null;null;null;STRUNJAN - ZDRAVILIŠČE;2;45.5333337294868;13.6119778017753
466;1988-12-19;4.1;4.5;7.8;2.0;9.4;-1.5;-1;-1;-1;81;65;92;null;10;8;9;18;5.4;18;3.4;8;0.5;0;0;0;null;null;null;null;null;null;STRUNJAN - ZDRAVILIŠČE;2;45.5333337294868;13.6119778017753
466;1988-12-20;6.9;2.8;10.5;7.1;11.3;2.2;-1;-1;-1;95;72;54;null;5;0;0;6;0.5;30;3.3;4;7.9;0;0;0;null;null;null;null;null;null;STRUNJAN - ZDRAVILIŠČE;2;45.5333337294868;13.6119778017753
466;1988-12-21;2.6;3.9;6.4;0.1;7.1;-0.3;-1;-1;-1;47;43;73;null;0;0;8;4;4.4;4;5.4;4;0.5;0;0;0;null;null;null;null;null;null;STRUNJAN - ZDRAVILIŠČE;2;45.5333337294868;13.6119778017753
466;1988-12-22;1.8;-1.4;7.2;0.7;7.2;-1.4;-1;-1;-1;96;60;88;null;0;0;5;0;0.0;28;0.5;4;0.5;0;0;0;null;null;null;null;null;null;STRUNJAN - ZDRAVILIŠČE;2;45.5333337294868;13.6119778017753
466;1988-12-23;4.5;-1.0;8.0;5.5;8.0;-1.1;-1;-1;-1;96;67;91;null;0;0;0;0;0.0;0;0.0;0;0.0;0;0;0;null;null;null;null;null;null;STRUNJAN - ZDRAVILIŠČE;2;45.5333337294868;13.6119778017753
466;1988-12-24;4.0;6.3;7.9;0.9;7.9;-1.0;-1;-1;-1;84;77;98;null;6;8;0;0;0.0;20;3.3;8;0.9;0;0;0;null;null;null;null;null;null;STRUNJAN - ZDRAVILIŠČE;2;45.5333337294868;13.6119778017753
466;1988-12-25;5.3;5.1;9.0;3.5;9.0;0.8;-1;-1;-1;94;81;95;null;0;2;3;0;0.0;0;0.0;10;3.3;0;0;0;null;null;null;null;null;null;STRUNJAN - ZDRAVILIŠČE;2;45.5333337294868;13.6119778017753
466;1988-12-26;6.6;3.1;9.1;7.1;11.0;0.9;-1;-1;-1;100;88;97;null;10;7;10;8;0.5;4;0.5;4;0.5;0;0;0;null;null;null;null;null;null;STRUNJAN - ZDRAVILIŠČE;2;45.5333337294868;13.6119778017753
466;1988-12-27;7.7;7.9;8.1;7.3;8.4;6.9;-1;-1;-1;93;87;89;null;10;10;10;8;0.5;18;3.3;4;0.5;0;0;0;null;null;null;null;null;null;STRUNJAN - ZDRAVILIŠČE;2;45.5333337294868;13.6119778017753
466;1988-12-28;5.1;6.6;7.9;2.9;7.9;2.2;-1;-1;-1;90;82;97;null;10;3;10;0;0.0;32;0.5;32;0.5;0;0;0;null;null;null;null;null;null;STRUNJAN - ZDRAVILIŠČE;2;45.5333337294868;13.6119778017753
466;1988-12-29;4.9;4.6;5.6;4.6;5.6;2.0;-1;-1;-1;99;94;99;null;10;10;10;10;3.3;32;3.3;6;0.5;0;0;0;null;null;null;null;null;null;STRUNJAN - ZDRAVILIŠČE;2;45.5333337294868;13.6119778017753
466;1988-12-30;2.5;2.4;3.4;2.1;4.6;1.5;-1;-1;-1;97;97;98;null;10;9;10;8;0.5;0;0.0;0;0.0;0;0;0;null;null;null;null;null;null;STRUNJAN - ZDRAVILIŠČE;2;45.5333337294868;13.6119778017753
466;1988-12-31;2.3;1.9;3.4;2.0;3.8;1.1;-1;-1;-1;100;100;100;null;10;10;10;4;0.5;8;0.5;0;0.0;0;0;0;null;null;null;null;null;null;STRUNJAN - ZDRAVILIŠČE;2;45.5333337294868;13.6119778017753
466;1989-08-01;16.9;18.4;17.2;15.9;22.0;15.5;28.0;-1;-1;57;79;83;null;10;10;10;6;3.5;32;5.5;6;3.3;1;1;0;null;null;null;null;null;null;STRUNJAN - ZDRAVILIŠČE;2;45.5333337294868;13.6119778017753
466;1989-08-02;15.9;13.9;21.7;13.9;22.0;11.5;0.6;-1;-1;80;54;89;null;3;9;10;8;3.3;16;5.4;8;3.3;0;0;0;null;null;null;null;null;null;STRUNJAN - ZDRAVILIŠČE;2;45.5333337294868;13.6119778017753
466;1989-08-03;17.5;16.0;24.0;14.9;24.5;12.0;2.7;-1;-1;65;55;89;null;3;4;5;8;1.5;4;1.5;4;1.5;0;0;0;null;null;null;null;null;null;STRUNJAN - ZDRAVILIŠČE;2;45.5333337294868;13.6119778017753
466;1989-08-04;21.3;16.9;26.0;21.2;26.0;14.0;-1;-1;-1;84;48;85;null;3;2;5;8;1.5;30;3.3;16;5.4;0;0;0;null;null;null;null;null;null;STRUNJAN - ZDRAVILIŠČE;2;45.5333337294868;13.6119778017753
466;1989-08-05;23.1;21.0;25.1;23.1;26.0;15.5;-1;-1;-1;76;69;64;null;7;2;8;0;0.0;18;5.4;20;7.9;0;0;0;null;null;null;null;null;null;STRUNJAN - ZDRAVILIŠČE;2;45.5333337294868;13.6119778017753
466;1989-08-06;21.1;21.2;22.8;20.2;24.0;19.0;0.3;-1;-1;81;78;93;null;10;7;8;4;3.3;4;3.3;4;1.5;1;0;0;null;null;null;null;null;null;STRUNJAN - ZDRAVILIŠČE;2;45.5333337294868;13.6119778017753
466;1989-08-07;21.7;21.1;25.6;20.1;26.0;19.4;0.3;-1;-1;92;73;91;null;5;1;2;8;1.5;28;3.3;4;1.5;1;0;0;null;null;null;null;null;null;STRUNJAN - ZDRAVILIŠČE;2;45.5333337294868;13.6119778017753
466;1989-08-08;24.2;21.4;26.9;24.2;27.1;18.1;0.0;-1;-1;93;71;78;null;0;0;10;0;0.0;28;3.3;8;5.4;0;0;0;null;null;null;null;null;null;STRUNJAN - ZDRAVILIŠČE;2;45.5333337294868;13.6119778017753
466;1989-08-09;22.5;22.0;26.0;21.0;26.4;18.2;30.0;-1;-1;75;71;88;null;1;4;10;8;1.5;28;3.3;4;1.5;1;1;0;null;null;null;null;null;null;STRUNJAN - ZDRAVILIŠČE;2;45.5333337294868;13.6119778017753
466;1989-08-10;22.2;20.4;27.0;20.6;27.3;16.0;-1;-1;-1;80;58;86;null;2;9;10;10;1.5;28;3.3;4;1.5;0;0;0;null;null;null;null;null;null;STRUNJAN - ZDRAVILIŠČE;2;45.5333337294868;13.6119778017753
466;1989-08-11;19.8;21.9;19.9;18.6;23.6;16.0;-1;-1;-1;85;92;94;null;10;10;6;10;1.5;4;5.4;4;1.5;0;1;0;null;null;null;null;null;null;STRUNJAN - ZDRAVILIŠČE;2;45.5333337294868;13.6119778017753
466;1989-08-12;21.7;20.6;26.4;19.9;26.4;16.4;24.0;-1;-1;94;68;92;null;0;2;8;8;1.5;28;3.3;4;1.5;1;0;0;null;null;null;null;null;null;STRUNJAN - ZDRAVILIŠČE;2;45.5333337294868;13.6119778017753
466;1989-08-13;22.7;21.8;26.5;21.2;26.6;17.1;-1;-1;-1;86;70;93;null;0;0;2;0;0.0;30;3.3;8;0.5;0;0;0;null;null;null;null;null;null;STRUNJAN - ZDRAVILIŠČE;2;45.5333337294868;13.6119778017753
466;1989-08-14;23.2;22.2;27.4;21.6;28.0;18.4;-1;-1;-1;90;65;93;null;0;1;7;0;0.0;24;5.4;4;0.5;0;0;0;null;null;null;null;null;null;STRUNJAN - ZDRAVILIŠČE;2;45.5333337294868;13.6119778017753
466;1989-08-15;24.3;23.0;29.0;22.6;29.0;19.4;-1;-1;-1;89;67;91;null;0;0;0;8;1.5;24;3.3;8;1.5;0;0;0;null;null;null;null;null;null;STRUNJAN - ZDRAVILIŠČE;2;45.5333337294868;13.6119778017753
466;1989-08-16;27.7;23.1;31.0;28.4;31.0;20.0;-1;-1;-1;92;61;84;null;0;2;5;8;1.5;24;1.5;4;1.5;0;0;0;null;null;null;null;null;null;STRUNJAN - ZDRAVILIŠČE;2;45.5333337294868;13.6119778017753
466;1989-08-17;24.9;22.0;29.5;24.0;29.6;21.0;-1;-1;-1;77;66;89;null;0;0;0;0;0.0;0;0.0;4;3.3;0;0;0;null;null;null;null;null;null;STRUNJAN - ZDRAVILIŠČE;2;45.5333337294868;13.6119778017753
466;1989-08-18;27.3;23.9;31.5;26.9;31.6;21.5;-1;-1;-1;93;53;66;null;0;7;8;0;0.0;24;3.3;4;3.3;0;0;0;null;null;null;null;null;null;STRUNJAN - ZDRAVILIŠČE;2;45.5333337294868;13.6119778017753
466;1989-08-19;24.7;23.1;28.5;23.6;28.5;22.1;-1;-1;-1;62;53;73;null;9;2;6;4;5.4;4;5.4;4;1.5;0;0;0;null;null;null;null;null;null;STRUNJAN - ZDRAVILIŠČE;2;45.5333337294868;13.6119778017753
466;1989-08-20;23.5;23.0;27.6;21.6;28.0;18.0;-1;-1;-1;63;68;89;null;2;3;3;4;3.3;4;3.3;4;3.3;0;0;0;null;null;null;null;null;null;STRUNJAN - ZDRAVILIŠČE;2;45.5333337294868;13.6119778017753
466;1989-08-21;23.8;23.4;27.6;22.0;28.9;18.5;-1;-1;-1;70;75;91;null;0;0;2;10;3.3;0;0.0;4;1.5;0;0;0;null;null;null;null;null;null;STRUNJAN - ZDRAVILIŠČE;2;45.5333337294868;13.6119778017753
466;1989-08-22;24.7;25.0;27.9;23.0;29.5;20.7;-1;-1;-1;70;63;96;null;0;4;8;6;5.4;24;5.4;4;1.5;0;0;0;null;null;null;null;null;null;STRUNJAN - ZDRAVILIŠČE;2;45.5333337294868;13.6119778017753
466;1989-08-23;27.1;25.1;28.9;27.1;29.1;19.6;-1;-1;-1;69;73;67;null;0;5;5;6;3.3;24;3.3;4;3.3;0;0;0;null;null;null;null;null;null;STRUNJAN - ZDRAVILIŠČE;2;45.5333337294868;13.6119778017753
466;1989-08-24;24.7;24.9;29.9;22.0;29.9;19.6;-1;-1;-1;64;50;87;null;0;0;3;4;5.4;24;1.5;4;3.3;0;0;0;null;null;null;null;null;null;STRUNJAN - ZDRAVILIŠČE;2;45.5333337294868;13.6119778017753
466;1989-08-25;23.2;20.1;28.3;22.2;28.6;17.6;-1;-1;-1;90;80;88;null;1;1;10;8;1.5;22;5.4;4;3.3;0;0;0;null;null;null;null;null;null;STRUNJAN - ZDRAVILIŠČE;2;45.5333337294868;13.6119778017753
466;1989-08-26;21.6;21.4;23.1;21.0;24.6;19.5;-1;-1;-1;89;84;86;null;8;9;10;0;0.0;4;5.4;4;1.4;0;0;0;null;null;null;null;null;null;STRUNJAN - ZDRAVILIŠČE;2;45.5333337294868;13.6119778017753
466;1989-08-27;21.8;18.4;24.8;22.0;25.1;17.0;42.9;-1;-1;96;76;91;null;5;9;10;10;1.5;24;3.3;4;1.5;1;1;0;null;null;null;null;null;null;STRUNJAN - ZDRAVILIŠČE;2;45.5333337294868;13.6119778017753
466;1989-08-28;18.1;19.0;19.1;17.2;22.1;14.9;19.8;-1;-1;93;57;62;null;10;10;10;10;1.5;4;20.7;4;10.7;1;1;1;null;null;null;null;null;null;STRUNJAN - ZDRAVILIŠČE;2;45.5333337294868;13.6119778017753
466;1989-08-29;17.0;15.8;21.9;15.1;22.0;14.9;14.5;-1;-1;75;61;91;null;6;7;4;8;1.5;24;3.3;4;5.4;1;1;0;null;null;null;null;null;null;STRUNJAN - ZDRAVILIŠČE;2;45.5333337294868;13.6119778017753
466;1989-08-30;17.9;14.5;22.8;17.2;22.8;12.1;1.9;-1;-1;80;49;54;null;1;4;0;8;3.3;24;3.3;4;3.3;1;0;0;null;null;null;null;null;null;STRUNJAN - ZDRAVILIŠČE;2;45.5333337294868;13.6119778017753
466;1989-08-31;16.9;14.6;22.8;15.1;22.8;11.0;-1;-1;-1;89;56;90;null;0;0;2;8;1.5;4;1.5;24;3.3;0;0;0;null;null;null;null;null;null;STRUNJAN - ZDRAVILIŠČE;2;45.5333337294868;13.6119778017753
466;1989-09-01;19.5;18.9;23.3;17.9;23.3;14.4;-1;-1;-1;66;56;92;null;10;8;8;16;3.3;24;3.3;4;1.5;0;0;0;null;null;null;null;null;null;STRUNJAN - ZDRAVILIŠČE;2;45.5333337294868;13.6119778017753
466;1989-09-02;18.5;17.6;22.0;17.2;22.1;16.4;-1;-1;-1;94;64;80;null;10;10;10;0;0.0;6;0.5;4;7.9;0;1;2;null;null;null;null;null;null;STRUNJAN - ZDRAVILIŠČE;2;45.5333337294868;13.6119778017753
466;1989-09-03;16.1;16.4;16.5;15.8;17.6;15.8;29.1;-1;-1;77;74;73;null;10;10;10;4;5.5;6;5.5;4;5.5;2;1;1;null;null;null;null;null;null;STRUNJAN - ZDRAVILIŠČE;2;45.5333337294868;13.6119778017753
466;1989-09-04;16.1;15.0;15.9;16.8;18.0;13.0;2.0;-1;-1;75;72;83;null;10;10;8;6;5.5;4;7.9;4;3.3;1;1;1;null;null;null;null;null;null;STRUNJAN - ZDRAVILIŠČE;2;45.5333337294868;13.6119778017753
466;1989-09-05;16.6;14.4;21.6;15.1;22.0;10.5;0.7;-1;-1;95;69;97;null;10;2;10;8;0.5;22;3.3;4;0.5;1;1;0;null;null;null;null;null;null;STRUNJAN - ZDRAVILIŠČE;2;45.5333337294868;13.6119778017753
466;1989-09-06;16.8;14.9;22.5;14.8;22.5;12.5;-1;-1;-1;91;57;93;null;6;4;9;8;0.5;24;0.5;4;0.5;0;0;0;null;null;null;null;null;null;STRUNJAN - ZDRAVILIŠČE;2;45.5333337294868;13.6119778017753
466;1989-09-07;16.5;14.1;22.4;14.8;22.4;11.9;-1;-1;-1;86;48;91;null;0;1;5;12;0.5;4;5.5;4;0.5;0;0;0;null;null;null;null;null;null;STRUNJAN - ZDRAVILIŠČE;2;45.5333337294868;13.6119778017753
466;1989-09-08;17.6;13.4;22.5;17.2;22.6;10.5;-1;-1;-1;94;54;62;null;0;4;7;0;0.0;24;3.3;4;3.3;0;0;0;null;null;null;null;null;null;STRUNJAN - ZDRAVILIŠČE;2;45.5333337294868;13.6119778017753
466;1989-09-09;17.3;15.2;19.9;17.0;19.9;12.0;0.0;-1;-1;93;71;82;null;10;10;10;8;0.5;4;5.5;0;0.0;1;1;0;null;null;null;null;null;null;STRUNJAN - ZDRAVILIŠČE;2;45.5333337294868;13.6119778017753
466;1989-09-10;17.8;14.5;22.9;16.9;22.9;14.0;0.1;-1;-1;95;62;94;null;1;2;8;10;0.5;28;5.5;4;0.5;0;0;0;null;null;null;null;null;null;STRUNJAN - ZDRAVILIŠČE;2;45.5333337294868;13.6119778017753
466;1989-09-11;18.1;14.5;22.9;17.5;23.0;13.5;-1;-1;-1;93;62;95;null;0;9;10;8;0.5;24;0.5;0;0.0;0;0;1;null;null;null;null;null;null;STRUNJAN - ZDRAVILIŠČE;2;45.5333337294868;13.6119778017753
466;1989-09-12;18.1;16.4;21.8;17.0;22.0;13.2;25.8;-1;-1;96;73;90;null;0;2;0;12;3.3;24;3.3;0;0.0;1;1;0;null;null;null;null;null;null;STRUNJAN - ZDRAVILIŠČE;2;45.5333337294868;13.6119778017753
466;1989-09-13;18.6;16.8;23.5;17.0;23.5;16.1;-1;-1;-1;93;65;94;null;0;9;8;10;5.0;24;3.3;4;0.5;0;0;0;null;null;null;null;null;null;STRUNJAN - ZDRAVILIŠČE;2;45.5333337294868;13.6119778017753
466;1989-09-14;16.6;16.2;19.9;15.1;20.0;15.0;5.1;-1;-1;97;89;91;null;10;10;7;0;0.0;12;0.5;4;3.3;1;1;1;null;null;null;null;null;null;STRUNJAN - ZDRAVILIŠČE;2;45.5333337294868;13.6119778017753
466;1989-09-15;17.5;13.8;22.8;16.6;25.5;11.5;2.2;-1;-1;93;63;95;null;9;6;7;10;3.5;24;0.5;0;0.0;1;0;0;null;null;null;null;null;null;STRUNJAN - ZDRAVILIŠČE;2;45.5333337294868;13.6119778017753
466;1989-09-16;19.3;17.8;23.8;17.8;23.8;16.5;-1;-1;-1;93;78;96;null;7;3;8;4;0.5;24;3.3;4;0.5;0;0;0;null;null;null;null;null;null;STRUNJAN - ZDRAVILIŠČE;2;45.5333337294868;13.6119778017753
466;1989-09-17;18.8;17.0;23.0;17.5;23.0;16.5;-1;-1;-1;99;77;99;null;7;3;8;4;0.5;24;3.3;4;0.5;0;0;0;null;null;null;null;null;null;STRUNJAN - ZDRAVILIŠČE;2;45.5333337294868;13.6119778017753
466;1989-09-18;19.3;17.2;24.2;17.9;24.5;15.0;-1;-1;-1;97;61;100;null;0;0;7;0;0.0;0;0.0;4;0.5;0;0;0;null;null;null;null;null;null;STRUNJAN - ZDRAVILIŠČE;2;45.5333337294868;13.6119778017753
466;1989-09-19;18.7;15.0;24.0;17.9;24.2;14.9;-1;-1;-1;99;69;95;null;0;0;7;0;0.0;22;3.3;8;0.5;0;0;0;null;null;null;null;null;null;STRUNJAN - ZDRAVILIŠČE;2;45.5333337294868;13.6119778017753
466;1989-09-20;20.2;16.1;26.4;19.1;26.4;15.5;-1;-1;-1;94;68;94;null;0;0;7;0;0.0;22;3.3;8;0.5;0;0;0;null;null;null;null;null;null;STRUNJAN - ZDRAVILIŠČE;2;45.5333337294868;13.6119778017753
466;1989-09-21;20.5;16.1;27.5;19.2;27.5;16.0;-1;-1;-1;91;50;87;null;1;2;2;16;3.3;16;3.3;4;0.5;0;0;0;null;null;null;null;null;null;STRUNJAN - ZDRAVILIŠČE;2;45.5333337294868;13.6119778017753
466;1989-09-22;18.9;15.5;26.1;17.0;26.1;14.5;-1;-1;-1;93;57;90;null;0;0;8;0;0.0;24;3.3;4;0.5;0;0;0;null;null;null;null;null;null;STRUNJAN - ZDRAVILIŠČE;2;45.5333337294868;13.6119778017753
466;1989-09-23;20.0;17.0;24.6;19.2;24.6;14.5;-1;-1;-1;86;69;97;null;5;0;8;8;0.5;20;5.4;18;0.5;0;0;0;null;null;null;null;null;null;STRUNJAN - ZDRAVILIŠČE;2;45.5333337294868;13.6119778017753
466;1989-09-24;19.1;16.5;24.0;18.0;24.0;16.1;-1;-1;-1;97;76;98;null;10;4;9;0;0.0;24;0.5;4;0.5;0;0;0;null;null;null;null;null;null;STRUNJAN - ZDRAVILIŠČE;2;45.5333337294868;13.6119778017753
466;1989-09-25;19.1;16.6;23.5;18.2;24.0;15.5;-1;-1;-1;94;73;98;null;3;10;7;8;0.5;20;0.5;4;0.5;0;0;0;null;null;null;null;null;null;STRUNJAN - ZDRAVILIŠČE;2;45.5333337294868;13.6119778017753
466;1989-09-26;18.3;19.4;23.2;15.2;23.2;15.2;-1;-1;-1;62;52;94;null;10;9;9;8;5.4;4;3.3;4;0.5;0;0;0;null;null;null;null;null;null;STRUNJAN - ZDRAVILIŠČE;2;45.5333337294868;13.6119778017753
466;1989-09-27;19.0;15.1;22.5;19.2;24.9;13.9;0.0;-1;-1;97;61;76;null;10;9;10;16;0.5;16;0.5;8;0.5;0;1;1;null;null;null;null;null;null;STRUNJAN - ZDRAVILIŠČE;2;45.5333337294868;13.6119778017753
466;1989-09-28;16.3;15.9;17.1;16.1;19.0;13.5;9.6;-1;-1;63;58;72;null;10;10;10;4;5.9;4;5.9;4;5.8;1;1;1;null;null;null;null;null;null;STRUNJAN - ZDRAVILIŠČE;2;45.5333337294868;13.6119778017753
466;1989-09-29;18.1;16.5;20.1;17.8;20.1;15.1;1.2;-1;-1;58;50;64;null;10;7;10;4;5.5;4;5.5;4;0.5;1;1;0;null;null;null;null;null;null;STRUNJAN - ZDRAVILIŠČE;2;45.5333337294868;13.6119778017753
466;1989-09-30;15.8;16.1;19.1;14.0;20.5;14.0;-1;-1;-1;49;42;81;null;0;0;0;4;5.4;4;7.9;4;3.3;0;0;0;null;null;null;null;null;null;STRUNJAN - ZDRAVILIŠČE;2;45.5333337294868;13.6119778017753
